#
# There is insufficient memory for the Java Runtime Environment to continue.
# Native memory allocation (mmap) failed to map 411041792 bytes for G1 virtual space
# Possible reasons:
#   The system is out of physical RAM or swap space
#   The process is running with CompressedOops enabled, and the Java Heap may be blocking the growth of the native heap
# Possible solutions:
#   Reduce memory load on the system
#   Increase physical memory or swap space
#   Check if swap backing store is full
#   Decrease Java heap size (-Xmx/-Xms)
#   Decrease number of Java threads
#   Decrease Java thread stack sizes (-Xss)
#   Set larger code cache with -XX:ReservedCodeCacheSize=
#   JVM is running with Zero Based Compressed Oops mode in which the Java heap is
#     placed in the first 32GB address space. The Java Heap base address is the
#     maximum limit for the native heap growth. Please use -XX:HeapBaseMinAddress
#     to set the Java Heap base and to place the Java Heap above 32GB virtual address.
# This output file may be truncated or incomplete.
#
#  Out of Memory Error (os_windows.cpp:3600), pid=13580, tid=25460
#
# JRE version: Java(TM) SE Runtime Environment (21.0+35) (build 21+35-LTS-2513)
# Java VM: Java HotSpot(TM) 64-Bit Server VM (21+35-LTS-2513, mixed mode, sharing, tiered, compressed oops, compressed class ptrs, g1 gc, windows-amd64)
# No core dump will be written. Minidumps are not enabled by default on client versions of Windows
#

---------------  S U M M A R Y ------------

Command Line: --add-opens=java.base/java.lang=ALL-UNNAMED --add-opens=java.base/java.lang.invoke=ALL-UNNAMED --add-opens=java.base/java.util=ALL-UNNAMED --add-opens=java.prefs/java.util.prefs=ALL-UNNAMED --add-exports=jdk.compiler/com.sun.tools.javac.api=ALL-UNNAMED --add-exports=jdk.compiler/com.sun.tools.javac.util=ALL-UNNAMED --add-opens=java.base/java.util=ALL-UNNAMED --add-opens=java.prefs/java.util.prefs=ALL-UNNAMED --add-opens=java.base/java.nio.charset=ALL-UNNAMED --add-opens=java.base/java.net=ALL-UNNAMED --add-opens=java.base/java.util.concurrent.atomic=ALL-UNNAMED --add-opens=java.xml/javax.xml.namespace=ALL-UNNAMED -XX:MaxMetaspaceSize=1g -XX:+HeapDumpOnOutOfMemoryError -Xmx4g -Dfile.encoding=UTF-8 -Duser.country=CN -Duser.language=zh -Duser.variant -javaagent:C:\Users\xiaocong\.gradle\wrapper\dists\gradle-8.14-bin\2yc9rdobpnrnzfbln4rtd27yw\gradle-8.14\lib\agents\gradle-instrumentation-agent-8.14.jar org.gradle.launcher.daemon.bootstrap.GradleDaemon 8.14

Host: Intel(R) Core(TM) i5-10400F CPU @ 2.90GHz, 12 cores, 15G,  Windows 10 , 64 bit Build 19041 (10.0.19041.2913)
Time: Tue Jul 28 15:55:11 2026  Windows 10 , 64 bit Build 19041 (10.0.19041.2913) elapsed time: 1025.997459 seconds (0d 0h 17m 5s)

---------------  T H R E A D  ---------------

Current thread (0x000002a42fc6e7b0):  VMThread "VM Thread"          [id=25460, stack(0x000000cea6400000,0x000000cea6500000) (1024K)]

Stack: [0x000000cea6400000,0x000000cea6500000]
Native frames: (J=compiled Java code, j=interpreted, Vv=VM code, C=native code)
V  [jvm.dll+0x6c8d39]
V  [jvm.dll+0x854091]
V  [jvm.dll+0x85630e]
V  [jvm.dll+0x8569e3]
V  [jvm.dll+0x2809a6]
V  [jvm.dll+0x6c5425]
V  [jvm.dll+0x6b9e1a]
V  [jvm.dll+0x3555ba]
V  [jvm.dll+0x35d206]
V  [jvm.dll+0x3adf6e]
V  [jvm.dll+0x3ae218]
V  [jvm.dll+0x328fcc]
V  [jvm.dll+0x32b876]
V  [jvm.dll+0x3357ce]
V  [jvm.dll+0x36ba35]
V  [jvm.dll+0x85c4e8]
V  [jvm.dll+0x85d5e4]
V  [jvm.dll+0x85db20]
V  [jvm.dll+0x85ddc3]
V  [jvm.dll+0x7fd2c8]
V  [jvm.dll+0x6c748d]
C  [ucrtbase.dll+0x21bb2]
C  [KERNEL32.DLL+0x17614]
C  [ntdll.dll+0x526a1]

VM_Operation (0x000000cea5fffad0): G1PauseRemark, mode: safepoint, requested by thread 0x000002a41317eb50


---------------  P R O C E S S  ---------------

Threads class SMR info:
_java_thread_list=0x000002a472198010, length=186, elements={
0x000002a413126c70, 0x000002a43274c2f0, 0x000002a432751020, 0x000002a4327528f0,
0x000002a432754b00, 0x000002a432755b70, 0x000002a43275a460, 0x000002a432757910,
0x000002a432758bc0, 0x000002a4328448d0, 0x000002a4329a0820, 0x000002a46d76dde0,
0x000002a46d67ea50, 0x000002a46d799f00, 0x000002a46d838460, 0x000002a46d86ff40,
0x000002a46d946180, 0x000002a46d995a20, 0x000002a46d995390, 0x000002a46d9960b0,
0x000002a46d996740, 0x000002a46d996dd0, 0x000002a46d997460, 0x000002a46d994670,
0x000002a46d994d00, 0x000002a46f7484e0, 0x000002a46f744340, 0x000002a46f742f90,
0x000002a46f749f20, 0x000002a46f747e50, 0x000002a46f749890, 0x000002a46f7456f0,
0x000002a46f743cb0, 0x000002a46f748b70, 0x000002a46f745d80, 0x000002a46f746aa0,
0x000002a4702b2bb0, 0x000002a4702b0450, 0x000002a4702afdc0, 0x000002a4702b0ae0,
0x000002a4702b4c80, 0x000002a4702b1170, 0x000002a4702b1e90, 0x000002a4702b1800,
0x000002a4702b2520, 0x000002a4702b3240, 0x000002a4702b3f60, 0x000002a4702b6030,
0x000002a4702af0a0, 0x000002a4702af730, 0x000002a4707f86d0, 0x000002a4707fc1e0,
0x000002a4707f9a80, 0x000002a4707fc870, 0x000002a4707fefd0, 0x000002a4707f8d60,
0x000002a4707fd590, 0x000002a4707fae30, 0x000002a4707ff660, 0x000002a4707ffcf0,
0x000002a4707fb4c0, 0x000002a4707f93f0, 0x000002a4707fa110, 0x000002a4707fcf00,
0x000002a4707fa7a0, 0x000002a4707fdc20, 0x000002a4707fbb50, 0x000002a4707fe2b0,
0x000002a4707fe940, 0x000002a46ea9e5f0, 0x000002a46ea990a0, 0x000002a46ea99730,
0x000002a46ea9cbb0, 0x000002a46ea9d240, 0x000002a46ea9d8d0, 0x000002a46ea9df60,
0x000002a46ea9be90, 0x000002a46ea9ec80, 0x000002a46ea99dc0, 0x000002a46ea9a450,
0x000002a46ea9f310, 0x000002a46ea9aae0, 0x000002a46ea9b170, 0x000002a46ea9b800,
0x000002a46ea98380, 0x000002a46ea9c520, 0x000002a46ea9f9a0, 0x000002a46ea98a10,
0x000002a470782970, 0x000002a4707822e0, 0x000002a470783000, 0x000002a4707815c0,
0x000002a470783690, 0x000002a4707843b0, 0x000002a46fb80e20, 0x000002a46fb82ef0,
0x000002a46fb83c10, 0x000002a46fb814b0, 0x000002a46fb81b40, 0x000002a46fb821d0,
0x000002a46fb82860, 0x000002a46fb842a0, 0x000002a46fb83580, 0x000002a46ec57330,
0x000002a46ec56610, 0x000002a46ec53190, 0x000002a46ec579c0, 0x000002a46ec53820,
0x000002a46ec51de0, 0x000002a46ec52b00, 0x000002a46ec52470, 0x000002a46ec58050,
0x000002a46ec53eb0, 0x000002a46ec54540, 0x000002a46ec54bd0, 0x000002a46ec558f0,
0x000002a46ec51750, 0x000002a46ec55260, 0x000002a46ec55f80, 0x000002a46ec510c0,
0x000002a4702b45f0, 0x000002a46e04a780, 0x000002a46e04b4a0, 0x000002a46e04a0f0,
0x000002a46e0493d0, 0x000002a46e0465e0, 0x000002a46e046c70, 0x000002a46e047990,
0x000002a46e04ae10, 0x000002a46e04bb30, 0x000002a46e047300, 0x000002a4721f9900,
0x000002a4721f9270, 0x000002a4721fc060, 0x000002a4721fb340, 0x000002a4721fb9d0,
0x000002a4721fc6f0, 0x000002a4721fcd80, 0x000002a46ec56ca0, 0x000002a46ec586e0,
0x000002a46f747130, 0x000002a46f74a5b0, 0x000002a46e04d570, 0x000002a46e048d40,
0x000002a4702b38d0, 0x000002a47435def0, 0x000002a47435f930, 0x000002a474361a00,
0x000002a47435ec10, 0x000002a47435be20, 0x000002a474362090, 0x000002a47435b790,
0x000002a47435ffc0, 0x000002a474360650, 0x000002a47435cb40, 0x000002a474360ce0,
0x000002a474365510, 0x000002a474362db0, 0x000002a474364e80, 0x000002a474364160,
0x000002a474367c70, 0x000002a474369020, 0x000002a474368990, 0x000002a474362720,
0x000002a474369d40, 0x000002a474363ad0, 0x000002a47436a3d0, 0x000002a474363440,
0x000002a4743647f0, 0x000002a4721ff4e0, 0x000002a4721f8550, 0x000002a47086aad0,
0x000002a46fac0810, 0x000002a46fabf460, 0x000002a46fac0ea0, 0x000002a46fabfaf0,
0x000002a46dfffdf0, 0x000002a46f423850, 0x000002a46f423ee0, 0x000002a46f425920,
0x000002a46f424570, 0x000002a46f426cd0, 0x000002a46f425290, 0x000002a46f49d710,
0x000002a47aa6d160, 0x000002a47d134030
}

Java Threads: ( => current thread )
  0x000002a413126c70 JavaThread "main"                              [_thread_blocked, id=29284, stack(0x000000cea5d00000,0x000000cea5e00000) (1024K)]
  0x000002a43274c2f0 JavaThread "Reference Handler"          daemon [_thread_blocked, id=11100, stack(0x000000cea6500000,0x000000cea6600000) (1024K)]
  0x000002a432751020 JavaThread "Finalizer"                  daemon [_thread_blocked, id=7060, stack(0x000000cea6600000,0x000000cea6700000) (1024K)]
  0x000002a4327528f0 JavaThread "Signal Dispatcher"          daemon [_thread_blocked, id=12516, stack(0x000000cea6700000,0x000000cea6800000) (1024K)]
  0x000002a432754b00 JavaThread "Attach Listener"            daemon [_thread_blocked, id=18316, stack(0x000000cea6800000,0x000000cea6900000) (1024K)]
  0x000002a432755b70 JavaThread "Service Thread"             daemon [_thread_blocked, id=12240, stack(0x000000cea6900000,0x000000cea6a00000) (1024K)]
  0x000002a43275a460 JavaThread "Monitor Deflation Thread"   daemon [_thread_blocked, id=24996, stack(0x000000cea6a00000,0x000000cea6b00000) (1024K)]
  0x000002a432757910 JavaThread "C2 CompilerThread0"         daemon [_thread_blocked, id=10316, stack(0x000000cea6b00000,0x000000cea6c00000) (1024K)]
  0x000002a432758bc0 JavaThread "C1 CompilerThread0"         daemon [_thread_blocked, id=26872, stack(0x000000cea6c00000,0x000000cea6d00000) (1024K)]
  0x000002a4328448d0 JavaThread "Common-Cleaner"             daemon [_thread_blocked, id=5788, stack(0x000000cea6d00000,0x000000cea6e00000) (1024K)]
  0x000002a4329a0820 JavaThread "Notification Thread"        daemon [_thread_blocked, id=26552, stack(0x000000cea6e00000,0x000000cea6f00000) (1024K)]
  0x000002a46d76dde0 JavaThread "Daemon health stats"               [_thread_blocked, id=9984, stack(0x000000cea7500000,0x000000cea7600000) (1024K)]
  0x000002a46d67ea50 JavaThread "Incoming local TCP Connector on port 61961"        [_thread_in_native, id=29968, stack(0x000000cea7600000,0x000000cea7700000) (1024K)]
  0x000002a46d799f00 JavaThread "Daemon periodic checks"            [_thread_blocked, id=26484, stack(0x000000cea7700000,0x000000cea7800000) (1024K)]
  0x000002a46d838460 JavaThread "Daemon"                            [_thread_blocked, id=22188, stack(0x000000cea7e00000,0x000000cea7f00000) (1024K)]
  0x000002a46d86ff40 JavaThread "Handler for socket connection from /127.0.0.1:61961 to /127.0.0.1:61962"        [_thread_in_native, id=13012, stack(0x000000cea7f00000,0x000000cea8000000) (1024K)]
  0x000002a46d946180 JavaThread "Cancel handler"                    [_thread_blocked, id=632, stack(0x000000cea8000000,0x000000cea8100000) (1024K)]
  0x000002a46d995a20 JavaThread "Daemon worker"                     [_thread_blocked, id=23628, stack(0x000000cea8100000,0x000000cea8200000) (1024K)]
  0x000002a46d995390 JavaThread "Asynchronous log dispatcher for DefaultDaemonConnection: socket connection from /127.0.0.1:61961 to /127.0.0.1:61962"        [_thread_blocked, id=15808, stack(0x000000cea8200000,0x000000cea8300000) (1024K)]
  0x000002a46d9960b0 JavaThread "Stdin handler"                     [_thread_blocked, id=824, stack(0x000000cea8300000,0x000000cea8400000) (1024K)]
  0x000002a46d996740 JavaThread "Daemon client event forwarder"        [_thread_blocked, id=27588, stack(0x000000cea8400000,0x000000cea8500000) (1024K)]
  0x000002a46d996dd0 JavaThread "Cache worker for journal cache (C:\Users\xiaocong\.gradle\caches\journal-1)"        [_thread_blocked, id=24756, stack(0x000000cea8900000,0x000000cea8a00000) (1024K)]
  0x000002a46d997460 JavaThread "File lock request listener"        [_thread_in_native, id=18340, stack(0x000000cea8a00000,0x000000cea8b00000) (1024K)]
  0x000002a46d994670 JavaThread "Cache worker for file hash cache (C:\Users\xiaocong\.gradle\caches\8.14\fileHashes)"        [_thread_blocked, id=24440, stack(0x000000cea8b00000,0x000000cea8c00000) (1024K)]
  0x000002a46d994d00 JavaThread "Cache worker for file hash cache (D:\qzq\smartquiz\.gradle\8.14\fileHashes)"        [_thread_blocked, id=28892, stack(0x000000cea8f00000,0x000000cea9000000) (1024K)]
  0x000002a46f7484e0 JavaThread "Cache worker for Build Output Cleanup Cache (D:\qzq\smartquiz\.gradle\buildOutputCleanup)"        [_thread_blocked, id=12604, stack(0x000000cea9000000,0x000000cea9100000) (1024K)]
  0x000002a46f744340 JavaThread "File watcher server"        daemon [_thread_blocked, id=8964, stack(0x000000cea9100000,0x000000cea9200000) (1024K)]
  0x000002a46f742f90 JavaThread "File watcher consumer"      daemon [_thread_blocked, id=5700, stack(0x000000cea9200000,0x000000cea9300000) (1024K)]
  0x000002a46f749f20 JavaThread "jar transforms"                    [_thread_blocked, id=5268, stack(0x000000cea9300000,0x000000cea9400000) (1024K)]
  0x000002a46f747e50 JavaThread "Cache worker for checksums cache (D:\qzq\smartquiz\.gradle\8.14\checksums)"        [_thread_blocked, id=29712, stack(0x000000cea9400000,0x000000cea9500000) (1024K)]
  0x000002a46f749890 JavaThread "Cache worker for file content cache (C:\Users\xiaocong\.gradle\caches\8.14\fileContent)"        [_thread_blocked, id=22892, stack(0x000000cea9500000,0x000000cea9600000) (1024K)]
  0x000002a46f7456f0 JavaThread "Cache worker for cache directory md-supplier (C:\Users\xiaocong\.gradle\caches\8.14\md-supplier)"        [_thread_blocked, id=12496, stack(0x000000cea9600000,0x000000cea9700000) (1024K)]
  0x000002a46f743cb0 JavaThread "Cache worker for cache directory md-rule (C:\Users\xiaocong\.gradle\caches\8.14\md-rule)"        [_thread_blocked, id=19984, stack(0x000000cea8c00000,0x000000cea8d00000) (1024K)]
  0x000002a46f748b70 JavaThread "Problems report writer"            [_thread_blocked, id=596, stack(0x000000cea9700000,0x000000cea9800000) (1024K)]
  0x000002a46f745d80 JavaThread "jar transforms Thread 2"           [_thread_blocked, id=15132, stack(0x000000cea7400000,0x000000cea7500000) (1024K)]
  0x000002a46f746aa0 JavaThread "jar transforms Thread 3"           [_thread_blocked, id=13304, stack(0x000000cea9a00000,0x000000cea9b00000) (1024K)]
  0x000002a4702b2bb0 JavaThread "Unconstrained build operations"        [_thread_blocked, id=9876, stack(0x000000cea5600000,0x000000cea5700000) (1024K)]
  0x000002a4702b0450 JavaThread "Unconstrained build operations Thread 2"        [_thread_blocked, id=6304, stack(0x000000cea5700000,0x000000cea5800000) (1024K)]
  0x000002a4702afdc0 JavaThread "Unconstrained build operations Thread 3"        [_thread_blocked, id=17900, stack(0x000000cea5800000,0x000000cea5900000) (1024K)]
  0x000002a4702b0ae0 JavaThread "Unconstrained build operations Thread 4"        [_thread_blocked, id=27424, stack(0x000000cea9b00000,0x000000cea9c00000) (1024K)]
  0x000002a4702b4c80 JavaThread "Unconstrained build operations Thread 5"        [_thread_blocked, id=18376, stack(0x000000cea9c00000,0x000000cea9d00000) (1024K)]
  0x000002a4702b1170 JavaThread "Unconstrained build operations Thread 6"        [_thread_blocked, id=27316, stack(0x000000cea9d00000,0x000000cea9e00000) (1024K)]
  0x000002a4702b1e90 JavaThread "Unconstrained build operations Thread 7"        [_thread_blocked, id=26052, stack(0x000000cea9e00000,0x000000cea9f00000) (1024K)]
  0x000002a4702b1800 JavaThread "Unconstrained build operations Thread 8"        [_thread_blocked, id=12944, stack(0x000000cea9f00000,0x000000ceaa000000) (1024K)]
  0x000002a4702b2520 JavaThread "Unconstrained build operations Thread 9"        [_thread_blocked, id=5208, stack(0x000000ceaa000000,0x000000ceaa100000) (1024K)]
  0x000002a4702b3240 JavaThread "Unconstrained build operations Thread 10"        [_thread_blocked, id=12324, stack(0x000000ceaa100000,0x000000ceaa200000) (1024K)]
  0x000002a4702b3f60 JavaThread "Unconstrained build operations Thread 11"        [_thread_blocked, id=24620, stack(0x000000ceaa200000,0x000000ceaa300000) (1024K)]
  0x000002a4702b6030 JavaThread "Unconstrained build operations Thread 12"        [_thread_blocked, id=28580, stack(0x000000cea7b00000,0x000000cea7c00000) (1024K)]
  0x000002a4702af0a0 JavaThread "Unconstrained build operations Thread 13"        [_thread_blocked, id=30200, stack(0x000000ceaa300000,0x000000ceaa400000) (1024K)]
  0x000002a4702af730 JavaThread "Unconstrained build operations Thread 14"        [_thread_blocked, id=3596, stack(0x000000ceaa400000,0x000000ceaa500000) (1024K)]
  0x000002a4707f86d0 JavaThread "Unconstrained build operations Thread 15"        [_thread_blocked, id=22684, stack(0x000000ceaa500000,0x000000ceaa600000) (1024K)]
  0x000002a4707fc1e0 JavaThread "Unconstrained build operations Thread 16"        [_thread_blocked, id=7232, stack(0x000000ceaa600000,0x000000ceaa700000) (1024K)]
  0x000002a4707f9a80 JavaThread "Unconstrained build operations Thread 17"        [_thread_blocked, id=7632, stack(0x000000ceaa700000,0x000000ceaa800000) (1024K)]
  0x000002a4707fc870 JavaThread "Unconstrained build operations Thread 18"        [_thread_blocked, id=1636, stack(0x000000ceaa800000,0x000000ceaa900000) (1024K)]
  0x000002a4707fefd0 JavaThread "Unconstrained build operations Thread 19"        [_thread_blocked, id=11852, stack(0x000000ceaa900000,0x000000ceaaa00000) (1024K)]
  0x000002a4707f8d60 JavaThread "Unconstrained build operations Thread 20"        [_thread_blocked, id=9672, stack(0x000000ceaaa00000,0x000000ceaab00000) (1024K)]
  0x000002a4707fd590 JavaThread "Unconstrained build operations Thread 21"        [_thread_blocked, id=8196, stack(0x000000ceaab00000,0x000000ceaac00000) (1024K)]
  0x000002a4707fae30 JavaThread "Unconstrained build operations Thread 22"        [_thread_blocked, id=19460, stack(0x000000ceaac00000,0x000000ceaad00000) (1024K)]
  0x000002a4707ff660 JavaThread "Unconstrained build operations Thread 23"        [_thread_blocked, id=21488, stack(0x000000ceaad00000,0x000000ceaae00000) (1024K)]
  0x000002a4707ffcf0 JavaThread "Unconstrained build operations Thread 24"        [_thread_blocked, id=5564, stack(0x000000ceaae00000,0x000000ceaaf00000) (1024K)]
  0x000002a4707fb4c0 JavaThread "Unconstrained build operations Thread 25"        [_thread_blocked, id=4140, stack(0x000000ceaaf00000,0x000000ceab000000) (1024K)]
  0x000002a4707f93f0 JavaThread "Unconstrained build operations Thread 26"        [_thread_blocked, id=21636, stack(0x000000ceab000000,0x000000ceab100000) (1024K)]
  0x000002a4707fa110 JavaThread "Unconstrained build operations Thread 27"        [_thread_blocked, id=20232, stack(0x000000ceab100000,0x000000ceab200000) (1024K)]
  0x000002a4707fcf00 JavaThread "Unconstrained build operations Thread 28"        [_thread_blocked, id=7220, stack(0x000000ceab200000,0x000000ceab300000) (1024K)]
  0x000002a4707fa7a0 JavaThread "Unconstrained build operations Thread 29"        [_thread_blocked, id=5608, stack(0x000000ceab300000,0x000000ceab400000) (1024K)]
  0x000002a4707fdc20 JavaThread "Unconstrained build operations Thread 30"        [_thread_blocked, id=22084, stack(0x000000ceab400000,0x000000ceab500000) (1024K)]
  0x000002a4707fbb50 JavaThread "Unconstrained build operations Thread 31"        [_thread_blocked, id=10108, stack(0x000000ceab500000,0x000000ceab600000) (1024K)]
  0x000002a4707fe2b0 JavaThread "Unconstrained build operations Thread 32"        [_thread_blocked, id=20272, stack(0x000000ceab600000,0x000000ceab700000) (1024K)]
  0x000002a4707fe940 JavaThread "Unconstrained build operations Thread 33"        [_thread_blocked, id=27812, stack(0x000000ceab700000,0x000000ceab800000) (1024K)]
  0x000002a46ea9e5f0 JavaThread "Unconstrained build operations Thread 34"        [_thread_blocked, id=3472, stack(0x000000ceab800000,0x000000ceab900000) (1024K)]
  0x000002a46ea990a0 JavaThread "Unconstrained build operations Thread 35"        [_thread_blocked, id=20980, stack(0x000000ceab900000,0x000000ceaba00000) (1024K)]
  0x000002a46ea99730 JavaThread "Unconstrained build operations Thread 36"        [_thread_blocked, id=1492, stack(0x000000ceaba00000,0x000000ceabb00000) (1024K)]
  0x000002a46ea9cbb0 JavaThread "Unconstrained build operations Thread 37"        [_thread_blocked, id=18448, stack(0x000000ceabb00000,0x000000ceabc00000) (1024K)]
  0x000002a46ea9d240 JavaThread "Unconstrained build operations Thread 38"        [_thread_blocked, id=3192, stack(0x000000ceabc00000,0x000000ceabd00000) (1024K)]
  0x000002a46ea9d8d0 JavaThread "Unconstrained build operations Thread 39"        [_thread_blocked, id=29032, stack(0x000000ceabd00000,0x000000ceabe00000) (1024K)]
  0x000002a46ea9df60 JavaThread "Unconstrained build operations Thread 40"        [_thread_blocked, id=11096, stack(0x000000ceabe00000,0x000000ceabf00000) (1024K)]
  0x000002a46ea9be90 JavaThread "Unconstrained build operations Thread 41"        [_thread_blocked, id=22176, stack(0x000000ceabf00000,0x000000ceac000000) (1024K)]
  0x000002a46ea9ec80 JavaThread "Unconstrained build operations Thread 42"        [_thread_blocked, id=10028, stack(0x000000ceac000000,0x000000ceac100000) (1024K)]
  0x000002a46ea99dc0 JavaThread "Unconstrained build operations Thread 43"        [_thread_blocked, id=16964, stack(0x000000ceac100000,0x000000ceac200000) (1024K)]
  0x000002a46ea9a450 JavaThread "Unconstrained build operations Thread 44"        [_thread_blocked, id=27760, stack(0x000000ceac200000,0x000000ceac300000) (1024K)]
  0x000002a46ea9f310 JavaThread "Unconstrained build operations Thread 45"        [_thread_blocked, id=27096, stack(0x000000ceac300000,0x000000ceac400000) (1024K)]
  0x000002a46ea9aae0 JavaThread "Unconstrained build operations Thread 46"        [_thread_blocked, id=20928, stack(0x000000ceac400000,0x000000ceac500000) (1024K)]
  0x000002a46ea9b170 JavaThread "Unconstrained build operations Thread 47"        [_thread_blocked, id=3780, stack(0x000000ceac500000,0x000000ceac600000) (1024K)]
  0x000002a46ea9b800 JavaThread "Unconstrained build operations Thread 48"        [_thread_blocked, id=24060, stack(0x000000ceac600000,0x000000ceac700000) (1024K)]
  0x000002a46ea98380 JavaThread "Unconstrained build operations Thread 49"        [_thread_blocked, id=27596, stack(0x000000ceac700000,0x000000ceac800000) (1024K)]
  0x000002a46ea9c520 JavaThread "Unconstrained build operations Thread 50"        [_thread_blocked, id=29488, stack(0x000000ceac800000,0x000000ceac900000) (1024K)]
  0x000002a46ea9f9a0 JavaThread "Unconstrained build operations Thread 51"        [_thread_blocked, id=8392, stack(0x000000ceac900000,0x000000ceaca00000) (1024K)]
  0x000002a46ea98a10 JavaThread "Unconstrained build operations Thread 52"        [_thread_blocked, id=23048, stack(0x000000ceaca00000,0x000000ceacb00000) (1024K)]
  0x000002a470782970 JavaThread "Unconstrained build operations Thread 53"        [_thread_blocked, id=30016, stack(0x000000ceacb00000,0x000000ceacc00000) (1024K)]
  0x000002a4707822e0 JavaThread "Unconstrained build operations Thread 54"        [_thread_blocked, id=16808, stack(0x000000ceacc00000,0x000000ceacd00000) (1024K)]
  0x000002a470783000 JavaThread "Unconstrained build operations Thread 55"        [_thread_blocked, id=9208, stack(0x000000ceacd00000,0x000000ceace00000) (1024K)]
  0x000002a4707815c0 JavaThread "Unconstrained build operations Thread 56"        [_thread_blocked, id=13092, stack(0x000000ceace00000,0x000000ceacf00000) (1024K)]
  0x000002a470783690 JavaThread "Unconstrained build operations Thread 57"        [_thread_blocked, id=26276, stack(0x000000ceacf00000,0x000000cead000000) (1024K)]
  0x000002a4707843b0 JavaThread "Unconstrained build operations Thread 58"        [_thread_blocked, id=25636, stack(0x000000cead000000,0x000000cead100000) (1024K)]
  0x000002a46fb80e20 JavaThread "Unconstrained build operations Thread 59"        [_thread_blocked, id=14520, stack(0x000000cead100000,0x000000cead200000) (1024K)]
  0x000002a46fb82ef0 JavaThread "Unconstrained build operations Thread 60"        [_thread_blocked, id=26708, stack(0x000000cead200000,0x000000cead300000) (1024K)]
  0x000002a46fb83c10 JavaThread "Unconstrained build operations Thread 61"        [_thread_blocked, id=9632, stack(0x000000cead300000,0x000000cead400000) (1024K)]
  0x000002a46fb814b0 JavaThread "Unconstrained build operations Thread 62"        [_thread_blocked, id=11064, stack(0x000000cea7800000,0x000000cea7900000) (1024K)]
  0x000002a46fb81b40 JavaThread "Unconstrained build operations Thread 63"        [_thread_blocked, id=18216, stack(0x000000cead400000,0x000000cead500000) (1024K)]
  0x000002a46fb821d0 JavaThread "Unconstrained build operations Thread 64"        [_thread_blocked, id=2572, stack(0x000000cead500000,0x000000cead600000) (1024K)]
  0x000002a46fb82860 JavaThread "Unconstrained build operations Thread 65"        [_thread_blocked, id=21572, stack(0x000000cead600000,0x000000cead700000) (1024K)]
  0x000002a46fb842a0 JavaThread "Unconstrained build operations Thread 66"        [_thread_blocked, id=18960, stack(0x000000cead700000,0x000000cead800000) (1024K)]
  0x000002a46fb83580 JavaThread "Unconstrained build operations Thread 67"        [_thread_blocked, id=3160, stack(0x000000cead800000,0x000000cead900000) (1024K)]
  0x000002a46ec57330 JavaThread "Unconstrained build operations Thread 68"        [_thread_blocked, id=22080, stack(0x000000cead900000,0x000000ceada00000) (1024K)]
  0x000002a46ec56610 JavaThread "Unconstrained build operations Thread 69"        [_thread_blocked, id=18832, stack(0x000000ceada00000,0x000000ceadb00000) (1024K)]
  0x000002a46ec53190 JavaThread "Unconstrained build operations Thread 70"        [_thread_blocked, id=28472, stack(0x000000ceadb00000,0x000000ceadc00000) (1024K)]
  0x000002a46ec579c0 JavaThread "Unconstrained build operations Thread 71"        [_thread_blocked, id=22136, stack(0x000000ceadc00000,0x000000ceadd00000) (1024K)]
  0x000002a46ec53820 JavaThread "Unconstrained build operations Thread 72"        [_thread_blocked, id=17392, stack(0x000000ceadd00000,0x000000ceade00000) (1024K)]
  0x000002a46ec51de0 JavaThread "Unconstrained build operations Thread 73"        [_thread_blocked, id=17696, stack(0x000000cea7a00000,0x000000cea7b00000) (1024K)]
  0x000002a46ec52b00 JavaThread "Unconstrained build operations Thread 74"        [_thread_blocked, id=11552, stack(0x000000cea7c00000,0x000000cea7d00000) (1024K)]
  0x000002a46ec52470 JavaThread "Unconstrained build operations Thread 75"        [_thread_blocked, id=10764, stack(0x000000cea7d00000,0x000000cea7e00000) (1024K)]
  0x000002a46ec58050 JavaThread "Unconstrained build operations Thread 76"        [_thread_blocked, id=15432, stack(0x000000ceade00000,0x000000ceadf00000) (1024K)]
  0x000002a46ec53eb0 JavaThread "Unconstrained build operations Thread 77"        [_thread_blocked, id=21508, stack(0x000000ceadf00000,0x000000ceae000000) (1024K)]
  0x000002a46ec54540 JavaThread "Unconstrained build operations Thread 78"        [_thread_blocked, id=28888, stack(0x000000ceae000000,0x000000ceae100000) (1024K)]
  0x000002a46ec54bd0 JavaThread "Unconstrained build operations Thread 79"        [_thread_blocked, id=10540, stack(0x000000ceae100000,0x000000ceae200000) (1024K)]
  0x000002a46ec558f0 JavaThread "Unconstrained build operations Thread 80"        [_thread_blocked, id=4624, stack(0x000000ceae200000,0x000000ceae300000) (1024K)]
  0x000002a46ec51750 JavaThread "Unconstrained build operations Thread 81"        [_thread_blocked, id=23232, stack(0x000000ceae300000,0x000000ceae400000) (1024K)]
  0x000002a46ec55260 JavaThread "Unconstrained build operations Thread 82"        [_thread_blocked, id=11464, stack(0x000000ceae400000,0x000000ceae500000) (1024K)]
  0x000002a46ec55f80 JavaThread "Unconstrained build operations Thread 83"        [_thread_blocked, id=22464, stack(0x000000ceae500000,0x000000ceae600000) (1024K)]
  0x000002a46ec510c0 JavaThread "Unconstrained build operations Thread 84"        [_thread_blocked, id=23692, stack(0x000000ceae600000,0x000000ceae700000) (1024K)]
  0x000002a4702b45f0 JavaThread "Unconstrained build operations Thread 85"        [_thread_blocked, id=4260, stack(0x000000ceae700000,0x000000ceae800000) (1024K)]
  0x000002a46e04a780 JavaThread "Unconstrained build operations Thread 86"        [_thread_blocked, id=25680, stack(0x000000ceae800000,0x000000ceae900000) (1024K)]
  0x000002a46e04b4a0 JavaThread "Unconstrained build operations Thread 87"        [_thread_blocked, id=7872, stack(0x000000ceae900000,0x000000ceaea00000) (1024K)]
  0x000002a46e04a0f0 JavaThread "Unconstrained build operations Thread 88"        [_thread_blocked, id=25064, stack(0x000000ceaea00000,0x000000ceaeb00000) (1024K)]
  0x000002a46e0493d0 JavaThread "Unconstrained build operations Thread 89"        [_thread_blocked, id=8504, stack(0x000000ceaeb00000,0x000000ceaec00000) (1024K)]
  0x000002a46e0465e0 JavaThread "Unconstrained build operations Thread 90"        [_thread_blocked, id=12976, stack(0x000000ceaec00000,0x000000ceaed00000) (1024K)]
  0x000002a46e046c70 JavaThread "Unconstrained build operations Thread 91"        [_thread_blocked, id=12280, stack(0x000000ceaed00000,0x000000ceaee00000) (1024K)]
  0x000002a46e047990 JavaThread "Unconstrained build operations Thread 92"        [_thread_blocked, id=24336, stack(0x000000ceaee00000,0x000000ceaef00000) (1024K)]
  0x000002a46e04ae10 JavaThread "Unconstrained build operations Thread 93"        [_thread_blocked, id=13256, stack(0x000000ceaef00000,0x000000ceaf000000) (1024K)]
  0x000002a46e04bb30 JavaThread "Unconstrained build operations Thread 94"        [_thread_blocked, id=22948, stack(0x000000ceaf000000,0x000000ceaf100000) (1024K)]
  0x000002a46e047300 JavaThread "Memory manager"                    [_thread_blocked, id=18744, stack(0x000000ceaf100000,0x000000ceaf200000) (1024K)]
  0x000002a4721f9900 JavaThread "jar transforms Thread 4"           [_thread_blocked, id=18544, stack(0x000000cea7900000,0x000000cea7a00000) (1024K)]
  0x000002a4721f9270 JavaThread "included builds"                   [_thread_blocked, id=19988, stack(0x000000ceaf800000,0x000000ceaf900000) (1024K)]
  0x000002a4721fc060 JavaThread "Execution worker"                  [_thread_blocked, id=14492, stack(0x000000ceafc00000,0x000000ceafd00000) (1024K)]
  0x000002a4721fb340 JavaThread "Execution worker Thread 2"         [_thread_blocked, id=15940, stack(0x000000ceafd00000,0x000000ceafe00000) (1024K)]
  0x000002a4721fb9d0 JavaThread "Execution worker Thread 3"         [_thread_blocked, id=12772, stack(0x000000ceafe00000,0x000000ceaff00000) (1024K)]
  0x000002a4721fc6f0 JavaThread "Execution worker Thread 4"         [_thread_blocked, id=23160, stack(0x000000ceaff00000,0x000000ceb0000000) (1024K)]
  0x000002a4721fcd80 JavaThread "Execution worker Thread 5"         [_thread_blocked, id=30132, stack(0x000000ceb0000000,0x000000ceb0100000) (1024K)]
  0x000002a46ec56ca0 JavaThread "Execution worker Thread 6"         [_thread_blocked, id=15848, stack(0x000000ceb0100000,0x000000ceb0200000) (1024K)]
  0x000002a46ec586e0 JavaThread "Execution worker Thread 7"         [_thread_blocked, id=18420, stack(0x000000ceb0200000,0x000000ceb0300000) (1024K)]
  0x000002a46f747130 JavaThread "Execution worker Thread 8"         [_thread_blocked, id=27528, stack(0x000000ceb0300000,0x000000ceb0400000) (1024K)]
  0x000002a46f74a5b0 JavaThread "Execution worker Thread 9"         [_thread_blocked, id=14408, stack(0x000000ceb0400000,0x000000ceb0500000) (1024K)]
  0x000002a46e04d570 JavaThread "Execution worker Thread 10"        [_thread_blocked, id=840, stack(0x000000ceb0500000,0x000000ceb0600000) (1024K)]
  0x000002a46e048d40 JavaThread "Execution worker Thread 11"        [_thread_blocked, id=22304, stack(0x000000ceb0600000,0x000000ceb0700000) (1024K)]
  0x000002a4702b38d0 JavaThread "Cache worker for execution history cache (D:\qzq\smartquiz\.gradle\8.14\executionHistory)"        [_thread_blocked, id=27108, stack(0x000000ceb0700000,0x000000ceb0800000) (1024K)]
  0x000002a47435def0 JavaThread "Unconstrained build operations Thread 95"        [_thread_blocked, id=21644, stack(0x000000ceb0800000,0x000000ceb0900000) (1024K)]
  0x000002a47435f930 JavaThread "Unconstrained build operations Thread 96"        [_thread_blocked, id=21796, stack(0x000000ceb0900000,0x000000ceb0a00000) (1024K)]
  0x000002a474361a00 JavaThread "Unconstrained build operations Thread 97"        [_thread_blocked, id=15684, stack(0x000000ceb0a00000,0x000000ceb0b00000) (1024K)]
  0x000002a47435ec10 JavaThread "Unconstrained build operations Thread 98"        [_thread_blocked, id=4512, stack(0x000000ceb0b00000,0x000000ceb0c00000) (1024K)]
  0x000002a47435be20 JavaThread "Unconstrained build operations Thread 99"        [_thread_blocked, id=8292, stack(0x000000ceb0c00000,0x000000ceb0d00000) (1024K)]
  0x000002a474362090 JavaThread "Unconstrained build operations Thread 100"        [_thread_blocked, id=16456, stack(0x000000ceb0d00000,0x000000ceb0e00000) (1024K)]
  0x000002a47435b790 JavaThread "Unconstrained build operations Thread 101"        [_thread_blocked, id=7068, stack(0x000000ceb0e00000,0x000000ceb0f00000) (1024K)]
  0x000002a47435ffc0 JavaThread "Unconstrained build operations Thread 102"        [_thread_blocked, id=14620, stack(0x000000ceb0f00000,0x000000ceb1000000) (1024K)]
  0x000002a474360650 JavaThread "Unconstrained build operations Thread 103"        [_thread_blocked, id=25552, stack(0x000000ceb1000000,0x000000ceb1100000) (1024K)]
  0x000002a47435cb40 JavaThread "Unconstrained build operations Thread 104"        [_thread_blocked, id=29936, stack(0x000000ceb1100000,0x000000ceb1200000) (1024K)]
  0x000002a474360ce0 JavaThread "Unconstrained build operations Thread 105"        [_thread_blocked, id=25824, stack(0x000000ceb1200000,0x000000ceb1300000) (1024K)]
  0x000002a474365510 JavaThread "Unconstrained build operations Thread 106"        [_thread_blocked, id=23376, stack(0x000000ceaf500000,0x000000ceaf600000) (1024K)]
  0x000002a474362db0 JavaThread "Unconstrained build operations Thread 107"        [_thread_blocked, id=26736, stack(0x000000ceb1300000,0x000000ceb1400000) (1024K)]
  0x000002a474364e80 JavaThread "Unconstrained build operations Thread 108"        [_thread_blocked, id=7540, stack(0x000000ceb1400000,0x000000ceb1500000) (1024K)]
  0x000002a474364160 JavaThread "Unconstrained build operations Thread 109"        [_thread_blocked, id=7364, stack(0x000000ceb1500000,0x000000ceb1600000) (1024K)]
  0x000002a474367c70 JavaThread "Unconstrained build operations Thread 110"        [_thread_blocked, id=18704, stack(0x000000ceb1600000,0x000000ceb1700000) (1024K)]
  0x000002a474369020 JavaThread "Unconstrained build operations Thread 111"        [_thread_blocked, id=9948, stack(0x000000ceb1700000,0x000000ceb1800000) (1024K)]
  0x000002a474368990 JavaThread "Unconstrained build operations Thread 112"        [_thread_blocked, id=24164, stack(0x000000ceb1800000,0x000000ceb1900000) (1024K)]
  0x000002a474362720 JavaThread "Unconstrained build operations Thread 113"        [_thread_blocked, id=21292, stack(0x000000ceb1900000,0x000000ceb1a00000) (1024K)]
  0x000002a474369d40 JavaThread "Unconstrained build operations Thread 114"        [_thread_blocked, id=23904, stack(0x000000ceb1a00000,0x000000ceb1b00000) (1024K)]
  0x000002a474363ad0 JavaThread "Unconstrained build operations Thread 115"        [_thread_blocked, id=9080, stack(0x000000ceb1b00000,0x000000ceb1c00000) (1024K)]
  0x000002a47436a3d0 JavaThread "Unconstrained build operations Thread 116"        [_thread_blocked, id=18124, stack(0x000000ceb1c00000,0x000000ceb1d00000) (1024K)]
  0x000002a474363440 JavaThread "Unconstrained build operations Thread 117"        [_thread_blocked, id=5560, stack(0x000000ceaf900000,0x000000ceafa00000) (1024K)]
  0x000002a4743647f0 JavaThread "Unconstrained build operations Thread 118"        [_thread_blocked, id=23220, stack(0x000000ceafa00000,0x000000ceafb00000) (1024K)]
  0x000002a4721ff4e0 JavaThread "Unconstrained build operations Thread 119"        [_thread_blocked, id=29412, stack(0x000000ceafb00000,0x000000ceafc00000) (1024K)]
  0x000002a4721f8550 JavaThread "Unconstrained build operations Thread 120"        [_thread_blocked, id=16988, stack(0x000000ceb1d00000,0x000000ceb1e00000) (1024K)]
  0x000002a47086aad0 JavaThread "Cache worker for Java compile cache (C:\Users\xiaocong\.gradle\caches\8.14\javaCompile)"        [_thread_blocked, id=20420, stack(0x000000ceb2400000,0x000000ceb2500000) (1024K)]
  0x000002a46fac0810 JavaThread "Build operations"                  [_thread_blocked, id=13464, stack(0x000000ceb2500000,0x000000ceb2600000) (1024K)]
  0x000002a46fabf460 JavaThread "Build operations Thread 2"         [_thread_blocked, id=18392, stack(0x000000ceb2600000,0x000000ceb2700000) (1024K)]
  0x000002a46fac0ea0 JavaThread "Build operations Thread 3"         [_thread_blocked, id=29952, stack(0x000000ceb2700000,0x000000ceb2800000) (1024K)]
  0x000002a46fabfaf0 JavaThread "Build operations Thread 4"         [_thread_blocked, id=9092, stack(0x000000ceb2800000,0x000000ceb2900000) (1024K)]
  0x000002a46dfffdf0 JavaThread "Build operations Thread 5"         [_thread_blocked, id=8236, stack(0x000000ceb2900000,0x000000ceb2a00000) (1024K)]
  0x000002a46f423850 JavaThread "Build operations Thread 6"         [_thread_blocked, id=10440, stack(0x000000ceb2a00000,0x000000ceb2b00000) (1024K)]
  0x000002a46f423ee0 JavaThread "Build operations Thread 7"         [_thread_blocked, id=28040, stack(0x000000ceb2b00000,0x000000ceb2c00000) (1024K)]
  0x000002a46f425920 JavaThread "Build operations Thread 8"         [_thread_blocked, id=28508, stack(0x000000ceb2c00000,0x000000ceb2d00000) (1024K)]
  0x000002a46f424570 JavaThread "Build operations Thread 9"         [_thread_blocked, id=29332, stack(0x000000ceb2d00000,0x000000ceb2e00000) (1024K)]
  0x000002a46f426cd0 JavaThread "Build operations Thread 10"        [_thread_blocked, id=23328, stack(0x000000ceb2e00000,0x000000ceb2f00000) (1024K)]
  0x000002a46f425290 JavaThread "Build operations Thread 11"        [_thread_blocked, id=19472, stack(0x000000ceb2f00000,0x000000ceb3000000) (1024K)]
  0x000002a46f49d710 JavaThread "File lock release action executor Thread 4"        [_thread_blocked, id=22532, stack(0x000000cea9900000,0x000000cea9a00000) (1024K)]
  0x000002a47aa6d160 JavaThread "File lock release action executor Thread 5"        [_thread_blocked, id=11384, stack(0x000000ceaf400000,0x000000ceaf500000) (1024K)]
  0x000002a47d134030 JavaThread "C2 CompilerThread1"         daemon [_thread_blocked, id=13708, stack(0x000000ceaf200000,0x000000ceaf300000) (1024K)]
Total: 186

Other Threads:
=>0x000002a42fc6e7b0 VMThread "VM Thread"                           [id=25460, stack(0x000000cea6400000,0x000000cea6500000) (1024K)]
  0x000002a42fc59910 WatcherThread "VM Periodic Task Thread"        [id=22672, stack(0x000000cea6300000,0x000000cea6400000) (1024K)]
  0x000002a42fa91120 WorkerThread "GC Thread#0"                     [id=23620, stack(0x000000cea5e00000,0x000000cea5f00000) (1024K)]
  0x000002a432b16840 WorkerThread "GC Thread#1"                     [id=15960, stack(0x000000cea6f00000,0x000000cea7000000) (1024K)]
  0x000002a432b16be0 WorkerThread "GC Thread#2"                     [id=16372, stack(0x000000cea7000000,0x000000cea7100000) (1024K)]
  0x000002a46c000080 WorkerThread "GC Thread#3"                     [id=27368, stack(0x000000cea7100000,0x000000cea7200000) (1024K)]
  0x000002a46c00db40 WorkerThread "GC Thread#4"                     [id=23576, stack(0x000000cea7200000,0x000000cea7300000) (1024K)]
  0x000002a46c00dee0 WorkerThread "GC Thread#5"                     [id=26420, stack(0x000000cea7300000,0x000000cea7400000) (1024K)]
  0x000002a46d876c60 WorkerThread "GC Thread#6"                     [id=24592, stack(0x000000cea8500000,0x000000cea8600000) (1024K)]
  0x000002a46d8773a0 WorkerThread "GC Thread#7"                     [id=27384, stack(0x000000cea8600000,0x000000cea8700000) (1024K)]
  0x000002a46d877740 WorkerThread "GC Thread#8"                     [id=6956, stack(0x000000cea8700000,0x000000cea8800000) (1024K)]
  0x000002a46d877ae0 WorkerThread "GC Thread#9"                     [id=7600, stack(0x000000cea8800000,0x000000cea8900000) (1024K)]
  0x000002a41317eb50 ConcurrentGCThread "G1 Main Marker"            [id=23660, stack(0x000000cea5f00000,0x000000cea6000000) (1024K)]
  0x000002a41317f610 WorkerThread "G1 Conc#0"                       [id=30592, stack(0x000000cea6000000,0x000000cea6100000) (1024K)]
  0x000002a46c1c3000 WorkerThread "G1 Conc#1"                       [id=2628, stack(0x000000cea8d00000,0x000000cea8e00000) (1024K)]
  0x000002a46c1c1de0 WorkerThread "G1 Conc#2"                       [id=30560, stack(0x000000cea8e00000,0x000000cea8f00000) (1024K)]
  0x000002a42fb1e700 ConcurrentGCThread "G1 Refine#0"               [id=11460, stack(0x000000cea6100000,0x000000cea6200000) (1024K)]
  0x000002a42fb1f080 ConcurrentGCThread "G1 Service"                [id=26980, stack(0x000000cea6200000,0x000000cea6300000) (1024K)]
Total: 18

Threads with active compile tasks:
Total: 0

VM state: at safepoint (normal execution)

VM Mutex/Monitor currently owned by a thread:  ([mutex/lock_event])
[0x00007ffd633b8548] Threads_lock - owner thread: 0x000002a42fc6e7b0
[0x00007ffd633b8648] Heap_lock - owner thread: 0x000002a41317eb50

Heap address: 0x0000000700000000, size: 4096 MB, Compressed Oops mode: Zero based, Oop shift amount: 3

CDS archive(s) mapped at: [0x000002a433000000-0x000002a433c90000-0x000002a433c90000), size 13172736, SharedBaseAddress: 0x000002a433000000, ArchiveRelocationMode: 1.
Compressed class space mapped at: 0x000002a434000000-0x000002a468000000, reserved size: 872415232
Narrow klass base: 0x000002a433000000, Narrow klass shift: 0, Narrow klass range: 0x100000000

GC Precious Log:
 CardTable entry size: 512
 Card Set container configuration: InlinePtr #cards 4 size 8 Array Of Cards #cards 16 size 48 Howl #buckets 8 coarsen threshold 3686 Howl Bitmap #cards 512 size 80 coarsen threshold 460 Card regions per heap region 1 cards per card region 4096
 CPUs: 12 total, 12 available
 Memory: 16312M
 Large Page Support: Disabled
 NUMA Support: Disabled
 Compressed Oops: Enabled (Zero based)
 Heap Region Size: 2M
 Heap Min Capacity: 8M
 Heap Initial Capacity: 256M
 Heap Max Capacity: 4G
 Pre-touch: Disabled
 Parallel Workers: 10
 Concurrent Workers: 3
 Concurrent Refinement Workers: 10
 Periodic GC: Disabled

Heap:
 garbage-first heap   total 2301952K, used 1618909K [0x0000000700000000, 0x0000000800000000)
  region size 2048K, 379 young (776192K), 52 survivors (106496K)
 Metaspace       used 147912K, committed 151360K, reserved 1048576K
  class space    used 19270K, committed 20928K, reserved 851968K

Heap Regions: E=young(eden), S=young(survivor), O=old, HS=humongous(starts), HC=humongous(continues), CS=collection set, F=free, TAMS=top-at-mark-start, PB=parsable bottom
|   0|0x0000000700000000, 0x0000000700200000, 0x0000000700200000|100%|HS|  |TAMS 0x0000000700200000| PB 0x0000000700000000| Complete 
|   1|0x0000000700200000, 0x0000000700400000, 0x0000000700400000|100%|HC|  |TAMS 0x0000000700400000| PB 0x0000000700200000| Complete 
|   2|0x0000000700400000, 0x0000000700600000, 0x0000000700600000|100%| O|  |TAMS 0x0000000700600000| PB 0x0000000700600000| Untracked 
|   3|0x0000000700600000, 0x0000000700800000, 0x0000000700800000|100%| O|  |TAMS 0x0000000700800000| PB 0x0000000700800000| Untracked 
|   4|0x0000000700800000, 0x0000000700a00000, 0x0000000700a00000|100%| O|  |TAMS 0x0000000700a00000| PB 0x0000000700a00000| Untracked 
|   5|0x0000000700a00000, 0x0000000700c00000, 0x0000000700c00000|100%| O|  |TAMS 0x0000000700c00000| PB 0x0000000700c00000| Untracked 
|   6|0x0000000700c00000, 0x0000000700e00000, 0x0000000700e00000|100%| O|  |TAMS 0x0000000700e00000| PB 0x0000000700e00000| Untracked 
|   7|0x0000000700e00000, 0x0000000701000000, 0x0000000701000000|100%| O|  |TAMS 0x0000000701000000| PB 0x0000000701000000| Untracked 
|   8|0x0000000701000000, 0x0000000701200000, 0x0000000701200000|100%| O|  |TAMS 0x0000000701200000| PB 0x0000000701200000| Untracked 
|   9|0x0000000701200000, 0x0000000701400000, 0x0000000701400000|100%| O|  |TAMS 0x0000000701400000| PB 0x0000000701400000| Untracked 
|  10|0x0000000701400000, 0x0000000701600000, 0x0000000701600000|100%| O|  |TAMS 0x0000000701600000| PB 0x0000000701600000| Untracked 
|  11|0x0000000701600000, 0x0000000701800000, 0x0000000701800000|100%| O|  |TAMS 0x0000000701800000| PB 0x0000000701800000| Updating 
|  12|0x0000000701800000, 0x0000000701a00000, 0x0000000701a00000|100%| O|  |TAMS 0x0000000701a00000| PB 0x0000000701a00000| Untracked 
|  13|0x0000000701a00000, 0x0000000701c00000, 0x0000000701c00000|100%| O|  |TAMS 0x0000000701c00000| PB 0x0000000701c00000| Untracked 
|  14|0x0000000701c00000, 0x0000000701e00000, 0x0000000701e00000|100%| O|  |TAMS 0x0000000701e00000| PB 0x0000000701e00000| Untracked 
|  15|0x0000000701e00000, 0x0000000702000000, 0x0000000702000000|100%| O|  |TAMS 0x0000000702000000| PB 0x0000000702000000| Untracked 
|  16|0x0000000702000000, 0x0000000702200000, 0x0000000702200000|100%| O|  |TAMS 0x0000000702200000| PB 0x0000000702200000| Untracked 
|  17|0x0000000702200000, 0x0000000702400000, 0x0000000702400000|100%| O|  |TAMS 0x0000000702400000| PB 0x0000000702400000| Untracked 
|  18|0x0000000702400000, 0x0000000702600000, 0x0000000702600000|100%| O|  |TAMS 0x0000000702600000| PB 0x0000000702600000| Untracked 
|  19|0x0000000702600000, 0x0000000702800000, 0x0000000702800000|100%| O|  |TAMS 0x0000000702800000| PB 0x0000000702800000| Untracked 
|  20|0x0000000702800000, 0x0000000702a00000, 0x0000000702a00000|100%| O|  |TAMS 0x0000000702a00000| PB 0x0000000702a00000| Untracked 
|  21|0x0000000702a00000, 0x0000000702c00000, 0x0000000702c00000|100%| O|  |TAMS 0x0000000702c00000| PB 0x0000000702c00000| Untracked 
|  22|0x0000000702c00000, 0x0000000702e00000, 0x0000000702e00000|100%| O|  |TAMS 0x0000000702e00000| PB 0x0000000702e00000| Untracked 
|  23|0x0000000702e00000, 0x0000000703000000, 0x0000000703000000|100%| O|  |TAMS 0x0000000703000000| PB 0x0000000703000000| Untracked 
|  24|0x0000000703000000, 0x0000000703200000, 0x0000000703200000|100%| O|  |TAMS 0x0000000703200000| PB 0x0000000703200000| Updating 
|  25|0x0000000703200000, 0x0000000703400000, 0x0000000703400000|100%| O|  |TAMS 0x0000000703400000| PB 0x0000000703400000| Untracked 
|  26|0x0000000703400000, 0x0000000703600000, 0x0000000703600000|100%| O|  |TAMS 0x0000000703600000| PB 0x0000000703600000| Updating 
|  27|0x0000000703600000, 0x0000000703800000, 0x0000000703800000|100%| O|  |TAMS 0x0000000703800000| PB 0x0000000703800000| Updating 
|  28|0x0000000703800000, 0x0000000703a00000, 0x0000000703a00000|100%| O|  |TAMS 0x0000000703a00000| PB 0x0000000703a00000| Untracked 
|  29|0x0000000703a00000, 0x0000000703c00000, 0x0000000703c00000|100%| O|  |TAMS 0x0000000703c00000| PB 0x0000000703c00000| Untracked 
|  30|0x0000000703c00000, 0x0000000703e00000, 0x0000000703e00000|100%| O|  |TAMS 0x0000000703e00000| PB 0x0000000703e00000| Untracked 
|  31|0x0000000703e00000, 0x0000000704000000, 0x0000000704000000|100%| O|  |TAMS 0x0000000704000000| PB 0x0000000704000000| Untracked 
|  32|0x0000000704000000, 0x0000000704200000, 0x0000000704200000|100%| O|  |TAMS 0x0000000704200000| PB 0x0000000704200000| Untracked 
|  33|0x0000000704200000, 0x0000000704400000, 0x0000000704400000|100%| O|  |TAMS 0x0000000704400000| PB 0x0000000704400000| Untracked 
|  34|0x0000000704400000, 0x0000000704600000, 0x0000000704600000|100%| O|  |TAMS 0x0000000704600000| PB 0x0000000704600000| Updating 
|  35|0x0000000704600000, 0x0000000704800000, 0x0000000704800000|100%| O|  |TAMS 0x0000000704800000| PB 0x0000000704800000| Updating 
|  36|0x0000000704800000, 0x0000000704a00000, 0x0000000704a00000|100%| O|  |TAMS 0x0000000704a00000| PB 0x0000000704a00000| Untracked 
|  37|0x0000000704a00000, 0x0000000704c00000, 0x0000000704c00000|100%| O|  |TAMS 0x0000000704c00000| PB 0x0000000704c00000| Untracked 
|  38|0x0000000704c00000, 0x0000000704e00000, 0x0000000704e00000|100%| O|  |TAMS 0x0000000704e00000| PB 0x0000000704e00000| Untracked 
|  39|0x0000000704e00000, 0x0000000705000000, 0x0000000705000000|100%| O|  |TAMS 0x0000000705000000| PB 0x0000000705000000| Untracked 
|  40|0x0000000705000000, 0x0000000705200000, 0x0000000705200000|100%| O|  |TAMS 0x0000000705200000| PB 0x0000000705200000| Untracked 
|  41|0x0000000705200000, 0x0000000705400000, 0x0000000705400000|100%| O|  |TAMS 0x0000000705400000| PB 0x0000000705400000| Untracked 
|  42|0x0000000705400000, 0x0000000705600000, 0x0000000705600000|100%| O|  |TAMS 0x0000000705600000| PB 0x0000000705600000| Untracked 
|  43|0x0000000705600000, 0x0000000705800000, 0x0000000705800000|100%| O|  |TAMS 0x0000000705800000| PB 0x0000000705800000| Untracked 
|  44|0x0000000705800000, 0x0000000705a00000, 0x0000000705a00000|100%| O|  |TAMS 0x0000000705a00000| PB 0x0000000705a00000| Untracked 
|  45|0x0000000705a00000, 0x0000000705c00000, 0x0000000705c00000|100%| O|  |TAMS 0x0000000705c00000| PB 0x0000000705c00000| Untracked 
|  46|0x0000000705c00000, 0x0000000705e00000, 0x0000000705e00000|100%| O|  |TAMS 0x0000000705e00000| PB 0x0000000705e00000| Untracked 
|  47|0x0000000705e00000, 0x0000000706000000, 0x0000000706000000|100%| O|  |TAMS 0x0000000706000000| PB 0x0000000706000000| Untracked 
|  48|0x0000000706000000, 0x0000000706200000, 0x0000000706200000|100%| O|  |TAMS 0x0000000706200000| PB 0x0000000706200000| Updating 
|  49|0x0000000706200000, 0x0000000706400000, 0x0000000706400000|100%| O|  |TAMS 0x0000000706400000| PB 0x0000000706400000| Untracked 
|  50|0x0000000706400000, 0x0000000706600000, 0x0000000706600000|100%| O|  |TAMS 0x0000000706600000| PB 0x0000000706600000| Untracked 
|  51|0x0000000706600000, 0x0000000706800000, 0x0000000706800000|100%| O|  |TAMS 0x0000000706800000| PB 0x0000000706800000| Untracked 
|  52|0x0000000706800000, 0x0000000706a00000, 0x0000000706a00000|100%| O|  |TAMS 0x0000000706a00000| PB 0x0000000706a00000| Untracked 
|  53|0x0000000706a00000, 0x0000000706c00000, 0x0000000706c00000|100%| O|  |TAMS 0x0000000706c00000| PB 0x0000000706c00000| Untracked 
|  54|0x0000000706c00000, 0x0000000706e00000, 0x0000000706e00000|100%| O|  |TAMS 0x0000000706e00000| PB 0x0000000706e00000| Untracked 
|  55|0x0000000706e00000, 0x0000000707000000, 0x0000000707000000|100%| O|  |TAMS 0x0000000707000000| PB 0x0000000707000000| Untracked 
|  56|0x0000000707000000, 0x0000000707200000, 0x0000000707200000|100%| O|  |TAMS 0x0000000707200000| PB 0x0000000707200000| Untracked 
|  57|0x0000000707200000, 0x0000000707400000, 0x0000000707400000|100%| O|  |TAMS 0x0000000707400000| PB 0x0000000707400000| Untracked 
|  58|0x0000000707400000, 0x0000000707600000, 0x0000000707600000|100%| O|  |TAMS 0x0000000707600000| PB 0x0000000707600000| Updating 
|  59|0x0000000707600000, 0x0000000707800000, 0x0000000707800000|100%| O|  |TAMS 0x0000000707800000| PB 0x0000000707800000| Updating 
|  60|0x0000000707800000, 0x0000000707a00000, 0x0000000707a00000|100%| O|  |TAMS 0x0000000707a00000| PB 0x0000000707a00000| Untracked 
|  61|0x0000000707a00000, 0x0000000707c00000, 0x0000000707c00000|100%| O|  |TAMS 0x0000000707c00000| PB 0x0000000707c00000| Untracked 
|  62|0x0000000707c00000, 0x0000000707e00000, 0x0000000707e00000|100%| O|  |TAMS 0x0000000707e00000| PB 0x0000000707e00000| Untracked 
|  63|0x0000000707e00000, 0x0000000708000000, 0x0000000708000000|100%| O|  |TAMS 0x0000000708000000| PB 0x0000000708000000| Untracked 
|  64|0x0000000708000000, 0x0000000708200000, 0x0000000708200000|100%| O|  |TAMS 0x0000000708200000| PB 0x0000000708200000| Untracked 
|  65|0x0000000708200000, 0x0000000708400000, 0x0000000708400000|100%| O|  |TAMS 0x0000000708400000| PB 0x0000000708400000| Untracked 
|  66|0x0000000708400000, 0x0000000708600000, 0x0000000708600000|100%| O|  |TAMS 0x0000000708600000| PB 0x0000000708600000| Updating 
|  67|0x0000000708600000, 0x0000000708800000, 0x0000000708800000|100%| O|  |TAMS 0x0000000708800000| PB 0x0000000708800000| Updating 
|  68|0x0000000708800000, 0x0000000708a00000, 0x0000000708a00000|100%| O|  |TAMS 0x0000000708a00000| PB 0x0000000708a00000| Updating 
|  69|0x0000000708a00000, 0x0000000708c00000, 0x0000000708c00000|100%| O|  |TAMS 0x0000000708c00000| PB 0x0000000708c00000| Updating 
|  70|0x0000000708c00000, 0x0000000708e00000, 0x0000000708e00000|100%| O|  |TAMS 0x0000000708e00000| PB 0x0000000708e00000| Updating 
|  71|0x0000000708e00000, 0x0000000709000000, 0x0000000709000000|100%| O|  |TAMS 0x0000000709000000| PB 0x0000000709000000| Updating 
|  72|0x0000000709000000, 0x0000000709200000, 0x0000000709200000|100%| O|  |TAMS 0x0000000709200000| PB 0x0000000709200000| Updating 
|  73|0x0000000709200000, 0x0000000709400000, 0x0000000709400000|100%| O|  |TAMS 0x0000000709400000| PB 0x0000000709400000| Updating 
|  74|0x0000000709400000, 0x0000000709600000, 0x0000000709600000|100%| O|  |TAMS 0x0000000709600000| PB 0x0000000709600000| Updating 
|  75|0x0000000709600000, 0x0000000709800000, 0x0000000709800000|100%| O|  |TAMS 0x0000000709800000| PB 0x0000000709800000| Updating 
|  76|0x0000000709800000, 0x0000000709a00000, 0x0000000709a00000|100%| O|  |TAMS 0x0000000709800000| PB 0x0000000709800000| Untracked 
|  77|0x0000000709a00000, 0x0000000709c00000, 0x0000000709c00000|100%| O|  |TAMS 0x0000000709c00000| PB 0x0000000709c00000| Updating 
|  78|0x0000000709c00000, 0x0000000709e00000, 0x0000000709e00000|100%| O|  |TAMS 0x0000000709e00000| PB 0x0000000709e00000| Updating 
|  79|0x0000000709e00000, 0x000000070a000000, 0x000000070a000000|100%| O|  |TAMS 0x000000070a000000| PB 0x000000070a000000| Updating 
|  80|0x000000070a000000, 0x000000070a200000, 0x000000070a200000|100%| O|  |TAMS 0x000000070a200000| PB 0x000000070a200000| Updating 
|  81|0x000000070a200000, 0x000000070a400000, 0x000000070a400000|100%| O|  |TAMS 0x000000070a400000| PB 0x000000070a400000| Updating 
|  82|0x000000070a400000, 0x000000070a600000, 0x000000070a600000|100%| O|  |TAMS 0x000000070a600000| PB 0x000000070a600000| Updating 
|  83|0x000000070a600000, 0x000000070a800000, 0x000000070a800000|100%| O|  |TAMS 0x000000070a800000| PB 0x000000070a800000| Updating 
|  84|0x000000070a800000, 0x000000070aa00000, 0x000000070aa00000|100%| O|  |TAMS 0x000000070aa00000| PB 0x000000070aa00000| Updating 
|  85|0x000000070aa00000, 0x000000070ac00000, 0x000000070ac00000|100%| O|  |TAMS 0x000000070ac00000| PB 0x000000070ac00000| Untracked 
|  86|0x000000070ac00000, 0x000000070ae00000, 0x000000070ae00000|100%| O|  |TAMS 0x000000070ae00000| PB 0x000000070ae00000| Updating 
|  87|0x000000070ae00000, 0x000000070b000000, 0x000000070b000000|100%| O|  |TAMS 0x000000070b000000| PB 0x000000070b000000| Updating 
|  88|0x000000070b000000, 0x000000070b200000, 0x000000070b200000|100%| O|  |TAMS 0x000000070b200000| PB 0x000000070b200000| Updating 
|  89|0x000000070b200000, 0x000000070b400000, 0x000000070b400000|100%| O|  |TAMS 0x000000070b400000| PB 0x000000070b400000| Updating 
|  90|0x000000070b400000, 0x000000070b600000, 0x000000070b600000|100%| O|  |TAMS 0x000000070b600000| PB 0x000000070b600000| Updating 
|  91|0x000000070b600000, 0x000000070b800000, 0x000000070b800000|100%| O|  |TAMS 0x000000070b800000| PB 0x000000070b800000| Updating 
|  92|0x000000070b800000, 0x000000070ba00000, 0x000000070ba00000|100%| O|  |TAMS 0x000000070ba00000| PB 0x000000070ba00000| Updating 
|  93|0x000000070ba00000, 0x000000070bc00000, 0x000000070bc00000|100%| O|  |TAMS 0x000000070ba00000| PB 0x000000070ba00000| Untracked 
|  94|0x000000070bc00000, 0x000000070be00000, 0x000000070be00000|100%| O|  |TAMS 0x000000070be00000| PB 0x000000070be00000| Updating 
|  95|0x000000070be00000, 0x000000070c000000, 0x000000070c000000|100%| O|  |TAMS 0x000000070be00000| PB 0x000000070be00000| Untracked 
|  96|0x000000070c000000, 0x000000070c200000, 0x000000070c200000|100%| O|  |TAMS 0x000000070c200000| PB 0x000000070c200000| Untracked 
|  97|0x000000070c200000, 0x000000070c400000, 0x000000070c400000|100%| O|  |TAMS 0x000000070c400000| PB 0x000000070c400000| Untracked 
|  98|0x000000070c400000, 0x000000070c600000, 0x000000070c600000|100%| O|  |TAMS 0x000000070c600000| PB 0x000000070c600000| Updating 
|  99|0x000000070c600000, 0x000000070c800000, 0x000000070c800000|100%| O|  |TAMS 0x000000070c800000| PB 0x000000070c800000| Updating 
| 100|0x000000070c800000, 0x000000070ca00000, 0x000000070ca00000|100%| O|  |TAMS 0x000000070ca00000| PB 0x000000070ca00000| Untracked 
| 101|0x000000070ca00000, 0x000000070cc00000, 0x000000070cc00000|100%| O|  |TAMS 0x000000070cc00000| PB 0x000000070cc00000| Untracked 
| 102|0x000000070cc00000, 0x000000070ce00000, 0x000000070ce00000|100%| O|  |TAMS 0x000000070ce00000| PB 0x000000070ce00000| Updating 
| 103|0x000000070ce00000, 0x000000070d000000, 0x000000070d000000|100%| O|  |TAMS 0x000000070d000000| PB 0x000000070d000000| Untracked 
| 104|0x000000070d000000, 0x000000070d200000, 0x000000070d200000|100%| O|  |TAMS 0x000000070d200000| PB 0x000000070d200000| Untracked 
| 105|0x000000070d200000, 0x000000070d400000, 0x000000070d400000|100%| O|  |TAMS 0x000000070d400000| PB 0x000000070d400000| Untracked 
| 106|0x000000070d400000, 0x000000070d600000, 0x000000070d600000|100%| O|  |TAMS 0x000000070d600000| PB 0x000000070d600000| Untracked 
| 107|0x000000070d600000, 0x000000070d800000, 0x000000070d800000|100%| O|  |TAMS 0x000000070d800000| PB 0x000000070d800000| Untracked 
| 108|0x000000070d800000, 0x000000070da00000, 0x000000070da00000|100%| O|  |TAMS 0x000000070da00000| PB 0x000000070da00000| Updating 
| 109|0x000000070da00000, 0x000000070dc00000, 0x000000070dc00000|100%| O|  |TAMS 0x000000070dc00000| PB 0x000000070dc00000| Updating 
| 110|0x000000070dc00000, 0x000000070de00000, 0x000000070de00000|100%| O|  |TAMS 0x000000070de00000| PB 0x000000070de00000| Updating 
| 111|0x000000070de00000, 0x000000070e000000, 0x000000070e000000|100%| O|  |TAMS 0x000000070e000000| PB 0x000000070e000000| Updating 
| 112|0x000000070e000000, 0x000000070e200000, 0x000000070e200000|100%| O|  |TAMS 0x000000070e200000| PB 0x000000070e200000| Updating 
| 113|0x000000070e200000, 0x000000070e400000, 0x000000070e400000|100%| O|  |TAMS 0x000000070e400000| PB 0x000000070e400000| Updating 
| 114|0x000000070e400000, 0x000000070e600000, 0x000000070e600000|100%| O|  |TAMS 0x000000070e600000| PB 0x000000070e600000| Updating 
| 115|0x000000070e600000, 0x000000070e800000, 0x000000070e800000|100%| O|  |TAMS 0x000000070e800000| PB 0x000000070e800000| Untracked 
| 116|0x000000070e800000, 0x000000070ea00000, 0x000000070ea00000|100%| O|  |TAMS 0x000000070ea00000| PB 0x000000070ea00000| Updating 
| 117|0x000000070ea00000, 0x000000070ec00000, 0x000000070ec00000|100%| O|  |TAMS 0x000000070ec00000| PB 0x000000070ec00000| Updating 
| 118|0x000000070ec00000, 0x000000070ee00000, 0x000000070ee00000|100%| O|  |TAMS 0x000000070ee00000| PB 0x000000070ee00000| Untracked 
| 119|0x000000070ee00000, 0x000000070f000000, 0x000000070f000000|100%| O|  |TAMS 0x000000070f000000| PB 0x000000070f000000| Updating 
| 120|0x000000070f000000, 0x000000070f200000, 0x000000070f200000|100%| O|  |TAMS 0x000000070f200000| PB 0x000000070f200000| Updating 
| 121|0x000000070f200000, 0x000000070f400000, 0x000000070f400000|100%| O|  |TAMS 0x000000070f400000| PB 0x000000070f400000| Updating 
| 122|0x000000070f400000, 0x000000070f600000, 0x000000070f600000|100%| O|  |TAMS 0x000000070f600000| PB 0x000000070f600000| Updating 
| 123|0x000000070f600000, 0x000000070f800000, 0x000000070f800000|100%| O|  |TAMS 0x000000070f800000| PB 0x000000070f800000| Untracked 
| 124|0x000000070f800000, 0x000000070fa00000, 0x000000070fa00000|100%| O|  |TAMS 0x000000070fa00000| PB 0x000000070fa00000| Updating 
| 125|0x000000070fa00000, 0x000000070fc00000, 0x000000070fc00000|100%| O|  |TAMS 0x000000070fc00000| PB 0x000000070fc00000| Updating 
| 126|0x000000070fc00000, 0x000000070fe00000, 0x000000070fe00000|100%| O|  |TAMS 0x000000070fe00000| PB 0x000000070fe00000| Untracked 
| 127|0x000000070fe00000, 0x0000000710000000, 0x0000000710000000|100%| O|  |TAMS 0x0000000710000000| PB 0x0000000710000000| Updating 
| 128|0x0000000710000000, 0x0000000710200000, 0x0000000710200000|100%| O|  |TAMS 0x0000000710200000| PB 0x0000000710200000| Updating 
| 129|0x0000000710200000, 0x0000000710400000, 0x0000000710400000|100%| O|  |TAMS 0x0000000710400000| PB 0x0000000710400000| Untracked 
| 130|0x0000000710400000, 0x0000000710600000, 0x0000000710600000|100%| O|  |TAMS 0x0000000710600000| PB 0x0000000710600000| Updating 
| 131|0x0000000710600000, 0x0000000710800000, 0x0000000710800000|100%| O|  |TAMS 0x0000000710800000| PB 0x0000000710800000| Untracked 
| 132|0x0000000710800000, 0x0000000710a00000, 0x0000000710a00000|100%| O|  |TAMS 0x0000000710a00000| PB 0x0000000710a00000| Untracked 
| 133|0x0000000710a00000, 0x0000000710c00000, 0x0000000710c00000|100%| O|  |TAMS 0x0000000710c00000| PB 0x0000000710c00000| Untracked 
| 134|0x0000000710c00000, 0x0000000710e00000, 0x0000000710e00000|100%| O|  |TAMS 0x0000000710e00000| PB 0x0000000710e00000| Updating 
| 135|0x0000000710e00000, 0x0000000711000000, 0x0000000711000000|100%| O|  |TAMS 0x0000000711000000| PB 0x0000000711000000| Updating 
| 136|0x0000000711000000, 0x0000000711200000, 0x0000000711200000|100%| O|  |TAMS 0x0000000711200000| PB 0x0000000711200000| Updating 
| 137|0x0000000711200000, 0x0000000711400000, 0x0000000711400000|100%|HS|  |TAMS 0x0000000711400000| PB 0x0000000711200000| Complete 
| 138|0x0000000711400000, 0x0000000711600000, 0x0000000711600000|100%| O|  |TAMS 0x0000000711600000| PB 0x0000000711600000| Untracked 
| 139|0x0000000711600000, 0x0000000711800000, 0x0000000711800000|100%| O|  |TAMS 0x0000000711800000| PB 0x0000000711800000| Updating 
| 140|0x0000000711800000, 0x0000000711a00000, 0x0000000711a00000|100%| O|  |TAMS 0x0000000711a00000| PB 0x0000000711a00000| Updating 
| 141|0x0000000711a00000, 0x0000000711c00000, 0x0000000711c00000|100%| O|  |TAMS 0x0000000711c00000| PB 0x0000000711c00000| Updating 
| 142|0x0000000711c00000, 0x0000000711e00000, 0x0000000711e00000|100%| O|  |TAMS 0x0000000711e00000| PB 0x0000000711e00000| Untracked 
| 143|0x0000000711e00000, 0x0000000712000000, 0x0000000712000000|100%| O|  |TAMS 0x0000000712000000| PB 0x0000000712000000| Untracked 
| 144|0x0000000712000000, 0x0000000712200000, 0x0000000712200000|100%| O|  |TAMS 0x0000000712200000| PB 0x0000000712200000| Untracked 
| 145|0x0000000712200000, 0x0000000712400000, 0x0000000712400000|100%| O|  |TAMS 0x0000000712400000| PB 0x0000000712400000| Untracked 
| 146|0x0000000712400000, 0x0000000712600000, 0x0000000712600000|100%| O|  |TAMS 0x0000000712400000| PB 0x0000000712400000| Untracked 
| 147|0x0000000712600000, 0x0000000712800000, 0x0000000712800000|100%| O|  |TAMS 0x0000000712800000| PB 0x0000000712800000| Updating 
| 148|0x0000000712800000, 0x0000000712a00000, 0x0000000712a00000|100%| O|  |TAMS 0x0000000712a00000| PB 0x0000000712a00000| Updating 
| 149|0x0000000712a00000, 0x0000000712c00000, 0x0000000712c00000|100%| O|  |TAMS 0x0000000712c00000| PB 0x0000000712c00000| Updating 
| 150|0x0000000712c00000, 0x0000000712e00000, 0x0000000712e00000|100%| O|  |TAMS 0x0000000712e00000| PB 0x0000000712e00000| Untracked 
| 151|0x0000000712e00000, 0x0000000713000000, 0x0000000713000000|100%| O|  |TAMS 0x0000000713000000| PB 0x0000000713000000| Untracked 
| 152|0x0000000713000000, 0x0000000713200000, 0x0000000713200000|100%| O|  |TAMS 0x0000000713200000| PB 0x0000000713200000| Updating 
| 153|0x0000000713200000, 0x0000000713400000, 0x0000000713400000|100%| O|  |TAMS 0x0000000713400000| PB 0x0000000713400000| Untracked 
| 154|0x0000000713400000, 0x0000000713600000, 0x0000000713600000|100%| O|  |TAMS 0x0000000713400000| PB 0x0000000713400000| Untracked 
| 155|0x0000000713600000, 0x0000000713800000, 0x0000000713800000|100%| O|  |TAMS 0x0000000713800000| PB 0x0000000713800000| Updating 
| 156|0x0000000713800000, 0x0000000713a00000, 0x0000000713a00000|100%| O|  |TAMS 0x0000000713a00000| PB 0x0000000713a00000| Updating 
| 157|0x0000000713a00000, 0x0000000713c00000, 0x0000000713c00000|100%| O|  |TAMS 0x0000000713a00000| PB 0x0000000713a00000| Untracked 
| 158|0x0000000713c00000, 0x0000000713e00000, 0x0000000713e00000|100%| O|  |TAMS 0x0000000713e00000| PB 0x0000000713e00000| Updating 
| 159|0x0000000713e00000, 0x0000000714000000, 0x0000000714000000|100%| O|  |TAMS 0x0000000713e00000| PB 0x0000000713e00000| Untracked 
| 160|0x0000000714000000, 0x0000000714200000, 0x0000000714200000|100%| O|  |TAMS 0x0000000714200000| PB 0x0000000714200000| Updating 
| 161|0x0000000714200000, 0x0000000714400000, 0x0000000714400000|100%| O|  |TAMS 0x0000000714400000| PB 0x0000000714400000| Updating 
| 162|0x0000000714400000, 0x0000000714600000, 0x0000000714600000|100%| O|  |TAMS 0x0000000714600000| PB 0x0000000714600000| Updating 
| 163|0x0000000714600000, 0x0000000714800000, 0x0000000714800000|100%| O|  |TAMS 0x0000000714800000| PB 0x0000000714800000| Untracked 
| 164|0x0000000714800000, 0x0000000714a00000, 0x0000000714a00000|100%| O|  |TAMS 0x0000000714a00000| PB 0x0000000714a00000| Untracked 
| 165|0x0000000714a00000, 0x0000000714c00000, 0x0000000714c00000|100%| O|  |TAMS 0x0000000714c00000| PB 0x0000000714c00000| Updating 
| 166|0x0000000714c00000, 0x0000000714e00000, 0x0000000714e00000|100%| O|  |TAMS 0x0000000714e00000| PB 0x0000000714e00000| Updating 
| 167|0x0000000714e00000, 0x0000000715000000, 0x0000000715000000|100%| O|  |TAMS 0x0000000714e00000| PB 0x0000000714e00000| Untracked 
| 168|0x0000000715000000, 0x0000000715200000, 0x0000000715200000|100%| O|  |TAMS 0x0000000715200000| PB 0x0000000715200000| Untracked 
| 169|0x0000000715200000, 0x0000000715400000, 0x0000000715400000|100%| O|  |TAMS 0x0000000715400000| PB 0x0000000715400000| Untracked 
| 170|0x0000000715400000, 0x0000000715600000, 0x0000000715600000|100%| O|  |TAMS 0x0000000715600000| PB 0x0000000715600000| Untracked 
| 171|0x0000000715600000, 0x0000000715800000, 0x0000000715800000|100%| O|  |TAMS 0x0000000715800000| PB 0x0000000715800000| Untracked 
| 172|0x0000000715800000, 0x0000000715a00000, 0x0000000715a00000|100%| O|  |TAMS 0x0000000715a00000| PB 0x0000000715a00000| Updating 
| 173|0x0000000715a00000, 0x0000000715c00000, 0x0000000715c00000|100%| O|  |TAMS 0x0000000715c00000| PB 0x0000000715c00000| Updating 
| 174|0x0000000715c00000, 0x0000000715e00000, 0x0000000715e00000|100%| O|  |TAMS 0x0000000715e00000| PB 0x0000000715e00000| Untracked 
| 175|0x0000000715e00000, 0x0000000716000000, 0x0000000716000000|100%| O|  |TAMS 0x0000000716000000| PB 0x0000000716000000| Updating 
| 176|0x0000000716000000, 0x0000000716200000, 0x0000000716200000|100%| O|  |TAMS 0x0000000716200000| PB 0x0000000716200000| Updating 
| 177|0x0000000716200000, 0x0000000716400000, 0x0000000716400000|100%| O|  |TAMS 0x0000000716400000| PB 0x0000000716400000| Updating 
| 178|0x0000000716400000, 0x0000000716600000, 0x0000000716600000|100%| O|  |TAMS 0x0000000716600000| PB 0x0000000716600000| Updating 
| 179|0x0000000716600000, 0x0000000716800000, 0x0000000716800000|100%| O|  |TAMS 0x0000000716800000| PB 0x0000000716800000| Updating 
| 180|0x0000000716800000, 0x0000000716a00000, 0x0000000716a00000|100%| O|  |TAMS 0x0000000716a00000| PB 0x0000000716a00000| Updating 
| 181|0x0000000716a00000, 0x0000000716c00000, 0x0000000716c00000|100%| O|  |TAMS 0x0000000716c00000| PB 0x0000000716c00000| Updating 
| 182|0x0000000716c00000, 0x0000000716e00000, 0x0000000716e00000|100%| O|  |TAMS 0x0000000716e00000| PB 0x0000000716e00000| Updating 
| 183|0x0000000716e00000, 0x0000000717000000, 0x0000000717000000|100%| O|  |TAMS 0x0000000717000000| PB 0x0000000717000000| Updating 
| 184|0x0000000717000000, 0x0000000717200000, 0x0000000717200000|100%| O|  |TAMS 0x0000000717200000| PB 0x0000000717200000| Untracked 
| 185|0x0000000717200000, 0x0000000717400000, 0x0000000717400000|100%| O|  |TAMS 0x0000000717400000| PB 0x0000000717400000| Untracked 
| 186|0x0000000717400000, 0x0000000717600000, 0x0000000717600000|100%| O|  |TAMS 0x0000000717600000| PB 0x0000000717600000| Updating 
| 187|0x0000000717600000, 0x0000000717800000, 0x0000000717800000|100%| O|  |TAMS 0x0000000717800000| PB 0x0000000717800000| Untracked 
| 188|0x0000000717800000, 0x0000000717a00000, 0x0000000717a00000|100%| O|  |TAMS 0x0000000717a00000| PB 0x0000000717a00000| Untracked 
| 189|0x0000000717a00000, 0x0000000717c00000, 0x0000000717c00000|100%| O|  |TAMS 0x0000000717c00000| PB 0x0000000717c00000| Untracked 
| 190|0x0000000717c00000, 0x0000000717e00000, 0x0000000717e00000|100%| O|  |TAMS 0x0000000717e00000| PB 0x0000000717e00000| Untracked 
| 191|0x0000000717e00000, 0x0000000718000000, 0x0000000718000000|100%| O|  |TAMS 0x0000000718000000| PB 0x0000000718000000| Updating 
| 192|0x0000000718000000, 0x0000000718200000, 0x0000000718200000|100%| O|  |TAMS 0x0000000718000000| PB 0x0000000718000000| Untracked 
| 193|0x0000000718200000, 0x0000000718400000, 0x0000000718400000|100%| O|  |TAMS 0x0000000718400000| PB 0x0000000718400000| Updating 
| 194|0x0000000718400000, 0x0000000718600000, 0x0000000718600000|100%| O|  |TAMS 0x0000000718600000| PB 0x0000000718600000| Untracked 
| 195|0x0000000718600000, 0x0000000718800000, 0x0000000718800000|100%| O|  |TAMS 0x0000000718800000| PB 0x0000000718800000| Untracked 
| 196|0x0000000718800000, 0x0000000718a00000, 0x0000000718a00000|100%| O|  |TAMS 0x0000000718a00000| PB 0x0000000718a00000| Untracked 
| 197|0x0000000718a00000, 0x0000000718c00000, 0x0000000718c00000|100%| O|  |TAMS 0x0000000718c00000| PB 0x0000000718c00000| Untracked 
| 198|0x0000000718c00000, 0x0000000718e00000, 0x0000000718e00000|100%| O|  |TAMS 0x0000000718e00000| PB 0x0000000718e00000| Untracked 
| 199|0x0000000718e00000, 0x0000000719000000, 0x0000000719000000|100%| O|  |TAMS 0x0000000719000000| PB 0x0000000719000000| Updating 
| 200|0x0000000719000000, 0x0000000719200000, 0x0000000719200000|100%| O|  |TAMS 0x0000000719200000| PB 0x0000000719200000| Updating 
| 201|0x0000000719200000, 0x0000000719400000, 0x0000000719400000|100%| O|  |TAMS 0x0000000719400000| PB 0x0000000719400000| Updating 
| 202|0x0000000719400000, 0x0000000719600000, 0x0000000719600000|100%| O|  |TAMS 0x0000000719600000| PB 0x0000000719600000| Updating 
| 203|0x0000000719600000, 0x0000000719800000, 0x0000000719800000|100%| O|  |TAMS 0x0000000719800000| PB 0x0000000719800000| Updating 
| 204|0x0000000719800000, 0x0000000719a00000, 0x0000000719a00000|100%| O|  |TAMS 0x0000000719a00000| PB 0x0000000719a00000| Untracked 
| 205|0x0000000719a00000, 0x0000000719c00000, 0x0000000719c00000|100%| O|  |TAMS 0x0000000719c00000| PB 0x0000000719c00000| Untracked 
| 206|0x0000000719c00000, 0x0000000719e00000, 0x0000000719e00000|100%| O|  |TAMS 0x0000000719e00000| PB 0x0000000719e00000| Untracked 
| 207|0x0000000719e00000, 0x000000071a000000, 0x000000071a000000|100%| O|  |TAMS 0x0000000719e00000| PB 0x0000000719e00000| Untracked 
| 208|0x000000071a000000, 0x000000071a200000, 0x000000071a200000|100%| O|  |TAMS 0x000000071a000000| PB 0x000000071a000000| Untracked 
| 209|0x000000071a200000, 0x000000071a400000, 0x000000071a400000|100%| O|  |TAMS 0x000000071a400000| PB 0x000000071a400000| Untracked 
| 210|0x000000071a400000, 0x000000071a600000, 0x000000071a600000|100%| O|  |TAMS 0x000000071a600000| PB 0x000000071a600000| Updating 
| 211|0x000000071a600000, 0x000000071a800000, 0x000000071a800000|100%| O|  |TAMS 0x000000071a800000| PB 0x000000071a800000| Untracked 
| 212|0x000000071a800000, 0x000000071aa00000, 0x000000071aa00000|100%| O|  |TAMS 0x000000071aa00000| PB 0x000000071aa00000| Untracked 
| 213|0x000000071aa00000, 0x000000071ac00000, 0x000000071ac00000|100%| O|  |TAMS 0x000000071ac00000| PB 0x000000071ac00000| Updating 
| 214|0x000000071ac00000, 0x000000071ae00000, 0x000000071ae00000|100%| O|  |TAMS 0x000000071ae00000| PB 0x000000071ae00000| Untracked 
| 215|0x000000071ae00000, 0x000000071b000000, 0x000000071b000000|100%| O|  |TAMS 0x000000071b000000| PB 0x000000071b000000| Updating 
| 216|0x000000071b000000, 0x000000071b200000, 0x000000071b200000|100%| O|  |TAMS 0x000000071b200000| PB 0x000000071b200000| Untracked 
| 217|0x000000071b200000, 0x000000071b400000, 0x000000071b400000|100%| O|  |TAMS 0x000000071b400000| PB 0x000000071b400000| Untracked 
| 218|0x000000071b400000, 0x000000071b600000, 0x000000071b600000|100%| O|  |TAMS 0x000000071b600000| PB 0x000000071b600000| Untracked 
| 219|0x000000071b600000, 0x000000071b800000, 0x000000071b800000|100%| O|  |TAMS 0x000000071b800000| PB 0x000000071b800000| Untracked 
| 220|0x000000071b800000, 0x000000071ba00000, 0x000000071ba00000|100%| O|  |TAMS 0x000000071ba00000| PB 0x000000071ba00000| Untracked 
| 221|0x000000071ba00000, 0x000000071bc00000, 0x000000071bc00000|100%| O|  |TAMS 0x000000071bc00000| PB 0x000000071bc00000| Untracked 
| 222|0x000000071bc00000, 0x000000071be00000, 0x000000071be00000|100%| O|  |TAMS 0x000000071be00000| PB 0x000000071be00000| Untracked 
| 223|0x000000071be00000, 0x000000071c000000, 0x000000071c000000|100%| O|  |TAMS 0x000000071c000000| PB 0x000000071c000000| Untracked 
| 224|0x000000071c000000, 0x000000071c200000, 0x000000071c200000|100%| O|  |TAMS 0x000000071c200000| PB 0x000000071c200000| Untracked 
| 225|0x000000071c200000, 0x000000071c400000, 0x000000071c400000|100%| O|  |TAMS 0x000000071c400000| PB 0x000000071c400000| Untracked 
| 226|0x000000071c400000, 0x000000071c600000, 0x000000071c600000|100%| O|  |TAMS 0x000000071c600000| PB 0x000000071c600000| Untracked 
| 227|0x000000071c600000, 0x000000071c800000, 0x000000071c800000|100%| O|  |TAMS 0x000000071c800000| PB 0x000000071c800000| Untracked 
| 228|0x000000071c800000, 0x000000071ca00000, 0x000000071ca00000|100%| O|  |TAMS 0x000000071ca00000| PB 0x000000071ca00000| Untracked 
| 229|0x000000071ca00000, 0x000000071cc00000, 0x000000071cc00000|100%| O|  |TAMS 0x000000071cc00000| PB 0x000000071cc00000| Untracked 
| 230|0x000000071cc00000, 0x000000071ce00000, 0x000000071ce00000|100%| O|  |TAMS 0x000000071ce00000| PB 0x000000071ce00000| Untracked 
| 231|0x000000071ce00000, 0x000000071d000000, 0x000000071d000000|100%| O|  |TAMS 0x000000071d000000| PB 0x000000071d000000| Untracked 
| 232|0x000000071d000000, 0x000000071d200000, 0x000000071d200000|100%| O|  |TAMS 0x000000071d200000| PB 0x000000071d200000| Untracked 
| 233|0x000000071d200000, 0x000000071d400000, 0x000000071d400000|100%| O|  |TAMS 0x000000071d400000| PB 0x000000071d400000| Untracked 
| 234|0x000000071d400000, 0x000000071d600000, 0x000000071d600000|100%| O|  |TAMS 0x000000071d600000| PB 0x000000071d600000| Untracked 
| 235|0x000000071d600000, 0x000000071d800000, 0x000000071d800000|100%| O|  |TAMS 0x000000071d800000| PB 0x000000071d800000| Updating 
| 236|0x000000071d800000, 0x000000071da00000, 0x000000071da00000|100%| O|  |TAMS 0x000000071da00000| PB 0x000000071da00000| Updating 
| 237|0x000000071da00000, 0x000000071dc00000, 0x000000071dc00000|100%| O|  |TAMS 0x000000071da00000| PB 0x000000071da00000| Untracked 
| 238|0x000000071dc00000, 0x000000071de00000, 0x000000071de00000|100%| O|  |TAMS 0x000000071de00000| PB 0x000000071de00000| Updating 
| 239|0x000000071de00000, 0x000000071e000000, 0x000000071e000000|100%| O|  |TAMS 0x000000071e000000| PB 0x000000071e000000| Updating 
| 240|0x000000071e000000, 0x000000071e200000, 0x000000071e200000|100%| O|  |TAMS 0x000000071e200000| PB 0x000000071e200000| Updating 
| 241|0x000000071e200000, 0x000000071e400000, 0x000000071e400000|100%| O|  |TAMS 0x000000071e400000| PB 0x000000071e400000| Updating 
| 242|0x000000071e400000, 0x000000071e600000, 0x000000071e600000|100%| O|  |TAMS 0x000000071e600000| PB 0x000000071e600000| Updating 
| 243|0x000000071e600000, 0x000000071e800000, 0x000000071e800000|100%| O|  |TAMS 0x000000071e800000| PB 0x000000071e800000| Updating 
| 244|0x000000071e800000, 0x000000071ea00000, 0x000000071ea00000|100%| O|  |TAMS 0x000000071ea00000| PB 0x000000071ea00000| Updating 
| 245|0x000000071ea00000, 0x000000071ec00000, 0x000000071ec00000|100%| O|  |TAMS 0x000000071ec00000| PB 0x000000071ec00000| Untracked 
| 246|0x000000071ec00000, 0x000000071ee00000, 0x000000071ee00000|100%| O|  |TAMS 0x000000071ee00000| PB 0x000000071ee00000| Updating 
| 247|0x000000071ee00000, 0x000000071f000000, 0x000000071f000000|100%| O|  |TAMS 0x000000071f000000| PB 0x000000071f000000| Updating 
| 248|0x000000071f000000, 0x000000071f200000, 0x000000071f200000|100%| O|  |TAMS 0x000000071f200000| PB 0x000000071f200000| Updating 
| 249|0x000000071f200000, 0x000000071f400000, 0x000000071f400000|100%| O|  |TAMS 0x000000071f400000| PB 0x000000071f400000| Updating 
| 250|0x000000071f400000, 0x000000071f600000, 0x000000071f600000|100%| O|  |TAMS 0x000000071f600000| PB 0x000000071f600000| Updating 
| 251|0x000000071f600000, 0x000000071f800000, 0x000000071f800000|100%| O|  |TAMS 0x000000071f800000| PB 0x000000071f800000| Updating 
| 252|0x000000071f800000, 0x000000071fa00000, 0x000000071fa00000|100%| O|  |TAMS 0x000000071fa00000| PB 0x000000071fa00000| Untracked 
| 253|0x000000071fa00000, 0x000000071fc00000, 0x000000071fc00000|100%| O|  |TAMS 0x000000071fa00000| PB 0x000000071fa00000| Untracked 
| 254|0x000000071fc00000, 0x000000071fe00000, 0x000000071fe00000|100%| O|  |TAMS 0x000000071fe00000| PB 0x000000071fe00000| Updating 
| 255|0x000000071fe00000, 0x0000000720000000, 0x0000000720000000|100%| O|  |TAMS 0x0000000720000000| PB 0x0000000720000000| Untracked 
| 256|0x0000000720000000, 0x0000000720200000, 0x0000000720200000|100%| O|  |TAMS 0x0000000720200000| PB 0x0000000720200000| Updating 
| 257|0x0000000720200000, 0x0000000720400000, 0x0000000720400000|100%| O|  |TAMS 0x0000000720400000| PB 0x0000000720400000| Updating 
| 258|0x0000000720400000, 0x0000000720600000, 0x0000000720600000|100%| O|  |TAMS 0x0000000720600000| PB 0x0000000720600000| Updating 
| 259|0x0000000720600000, 0x0000000720800000, 0x0000000720800000|100%| O|  |TAMS 0x0000000720800000| PB 0x0000000720800000| Updating 
| 260|0x0000000720800000, 0x0000000720a00000, 0x0000000720a00000|100%| O|  |TAMS 0x0000000720a00000| PB 0x0000000720a00000| Untracked 
| 261|0x0000000720a00000, 0x0000000720c00000, 0x0000000720c00000|100%| O|  |TAMS 0x0000000720c00000| PB 0x0000000720c00000| Updating 
| 262|0x0000000720c00000, 0x0000000720e00000, 0x0000000720e00000|100%| O|  |TAMS 0x0000000720e00000| PB 0x0000000720e00000| Updating 
| 263|0x0000000720e00000, 0x0000000721000000, 0x0000000721000000|100%| O|  |TAMS 0x0000000721000000| PB 0x0000000721000000| Untracked 
| 264|0x0000000721000000, 0x0000000721200000, 0x0000000721200000|100%| O|  |TAMS 0x0000000721200000| PB 0x0000000721200000| Untracked 
| 265|0x0000000721200000, 0x0000000721400000, 0x0000000721400000|100%| O|  |TAMS 0x0000000721400000| PB 0x0000000721400000| Untracked 
| 266|0x0000000721400000, 0x0000000721600000, 0x0000000721600000|100%| O|  |TAMS 0x0000000721600000| PB 0x0000000721600000| Untracked 
| 267|0x0000000721600000, 0x0000000721800000, 0x0000000721800000|100%| O|  |TAMS 0x0000000721800000| PB 0x0000000721800000| Untracked 
| 268|0x0000000721800000, 0x0000000721a00000, 0x0000000721a00000|100%| O|  |TAMS 0x0000000721a00000| PB 0x0000000721a00000| Untracked 
| 269|0x0000000721a00000, 0x0000000721c00000, 0x0000000721c00000|100%| O|  |TAMS 0x0000000721c00000| PB 0x0000000721c00000| Untracked 
| 270|0x0000000721c00000, 0x0000000721e00000, 0x0000000721e00000|100%| O|  |TAMS 0x0000000721e00000| PB 0x0000000721e00000| Untracked 
| 271|0x0000000721e00000, 0x0000000722000000, 0x0000000722000000|100%| O|  |TAMS 0x0000000722000000| PB 0x0000000722000000| Untracked 
| 272|0x0000000722000000, 0x0000000722200000, 0x0000000722200000|100%| O|  |TAMS 0x0000000722200000| PB 0x0000000722200000| Untracked 
| 273|0x0000000722200000, 0x0000000722400000, 0x0000000722400000|100%| O|  |TAMS 0x0000000722400000| PB 0x0000000722400000| Untracked 
| 274|0x0000000722400000, 0x0000000722600000, 0x0000000722600000|100%| O|  |TAMS 0x0000000722600000| PB 0x0000000722600000| Untracked 
| 275|0x0000000722600000, 0x0000000722800000, 0x0000000722800000|100%| O|  |TAMS 0x0000000722800000| PB 0x0000000722800000| Untracked 
| 276|0x0000000722800000, 0x0000000722a00000, 0x0000000722a00000|100%| O|  |TAMS 0x0000000722a00000| PB 0x0000000722a00000| Untracked 
| 277|0x0000000722a00000, 0x0000000722c00000, 0x0000000722c00000|100%| O|  |TAMS 0x0000000722c00000| PB 0x0000000722c00000| Untracked 
| 278|0x0000000722c00000, 0x0000000722e00000, 0x0000000722e00000|100%| O|  |TAMS 0x0000000722e00000| PB 0x0000000722e00000| Untracked 
| 279|0x0000000722e00000, 0x0000000723000000, 0x0000000723000000|100%| O|  |TAMS 0x0000000723000000| PB 0x0000000723000000| Untracked 
| 280|0x0000000723000000, 0x0000000723200000, 0x0000000723200000|100%| O|  |TAMS 0x0000000723200000| PB 0x0000000723200000| Untracked 
| 281|0x0000000723200000, 0x0000000723400000, 0x0000000723400000|100%| O|  |TAMS 0x0000000723400000| PB 0x0000000723400000| Untracked 
| 282|0x0000000723400000, 0x0000000723600000, 0x0000000723600000|100%| O|  |TAMS 0x0000000723600000| PB 0x0000000723600000| Untracked 
| 283|0x0000000723600000, 0x0000000723800000, 0x0000000723800000|100%| O|  |TAMS 0x0000000723800000| PB 0x0000000723800000| Untracked 
| 284|0x0000000723800000, 0x0000000723a00000, 0x0000000723a00000|100%| O|  |TAMS 0x0000000723a00000| PB 0x0000000723a00000| Untracked 
| 285|0x0000000723a00000, 0x0000000723c00000, 0x0000000723c00000|100%| O|  |TAMS 0x0000000723c00000| PB 0x0000000723c00000| Untracked 
| 286|0x0000000723c00000, 0x0000000723e00000, 0x0000000723e00000|100%| O|  |TAMS 0x0000000723e00000| PB 0x0000000723e00000| Untracked 
| 287|0x0000000723e00000, 0x0000000724000000, 0x0000000724000000|100%| O|  |TAMS 0x0000000724000000| PB 0x0000000724000000| Untracked 
| 288|0x0000000724000000, 0x0000000724200000, 0x0000000724200000|100%| O|  |TAMS 0x0000000724200000| PB 0x0000000724200000| Untracked 
| 289|0x0000000724200000, 0x0000000724400000, 0x0000000724400000|100%| O|  |TAMS 0x0000000724400000| PB 0x0000000724400000| Untracked 
| 290|0x0000000724400000, 0x0000000724600000, 0x0000000724600000|100%| O|  |TAMS 0x0000000724600000| PB 0x0000000724600000| Untracked 
| 291|0x0000000724600000, 0x0000000724800000, 0x0000000724800000|100%| O|  |TAMS 0x0000000724800000| PB 0x0000000724800000| Untracked 
| 292|0x0000000724800000, 0x0000000724a00000, 0x0000000724a00000|100%| O|  |TAMS 0x0000000724a00000| PB 0x0000000724a00000| Untracked 
| 293|0x0000000724a00000, 0x0000000724c00000, 0x0000000724c00000|100%| O|  |TAMS 0x0000000724c00000| PB 0x0000000724c00000| Untracked 
| 294|0x0000000724c00000, 0x0000000724e00000, 0x0000000724e00000|100%| O|  |TAMS 0x0000000724e00000| PB 0x0000000724e00000| Untracked 
| 295|0x0000000724e00000, 0x0000000725000000, 0x0000000725000000|100%| O|  |TAMS 0x0000000725000000| PB 0x0000000725000000| Untracked 
| 296|0x0000000725000000, 0x0000000725200000, 0x0000000725200000|100%| O|  |TAMS 0x0000000725200000| PB 0x0000000725200000| Updating 
| 297|0x0000000725200000, 0x0000000725400000, 0x0000000725400000|100%| O|  |TAMS 0x0000000725400000| PB 0x0000000725400000| Untracked 
| 298|0x0000000725400000, 0x0000000725600000, 0x0000000725600000|100%| O|  |TAMS 0x0000000725600000| PB 0x0000000725600000| Untracked 
| 299|0x0000000725600000, 0x0000000725800000, 0x0000000725800000|100%| O|  |TAMS 0x0000000725800000| PB 0x0000000725800000| Untracked 
| 300|0x0000000725800000, 0x0000000725a00000, 0x0000000725a00000|100%| O|  |TAMS 0x0000000725a00000| PB 0x0000000725a00000| Updating 
| 301|0x0000000725a00000, 0x0000000725c00000, 0x0000000725c00000|100%| O|  |TAMS 0x0000000725c00000| PB 0x0000000725c00000| Untracked 
| 302|0x0000000725c00000, 0x0000000725e00000, 0x0000000725e00000|100%| O|  |TAMS 0x0000000725e00000| PB 0x0000000725e00000| Untracked 
| 303|0x0000000725e00000, 0x0000000726000000, 0x0000000726000000|100%| O|  |TAMS 0x0000000726000000| PB 0x0000000726000000| Untracked 
| 304|0x0000000726000000, 0x0000000726200000, 0x0000000726200000|100%| O|  |TAMS 0x0000000726200000| PB 0x0000000726200000| Untracked 
| 305|0x0000000726200000, 0x0000000726400000, 0x0000000726400000|100%| O|  |TAMS 0x0000000726400000| PB 0x0000000726400000| Untracked 
| 306|0x0000000726400000, 0x0000000726600000, 0x0000000726600000|100%| O|  |TAMS 0x0000000726400000| PB 0x0000000726400000| Untracked 
| 307|0x0000000726600000, 0x0000000726800000, 0x0000000726800000|100%| O|  |TAMS 0x0000000726800000| PB 0x0000000726800000| Untracked 
| 308|0x0000000726800000, 0x0000000726a00000, 0x0000000726a00000|100%| O|  |TAMS 0x0000000726a00000| PB 0x0000000726a00000| Untracked 
| 309|0x0000000726a00000, 0x0000000726c00000, 0x0000000726c00000|100%| O|  |TAMS 0x0000000726c00000| PB 0x0000000726c00000| Untracked 
| 310|0x0000000726c00000, 0x0000000726e00000, 0x0000000726e00000|100%| O|  |TAMS 0x0000000726e00000| PB 0x0000000726e00000| Untracked 
| 311|0x0000000726e00000, 0x0000000727000000, 0x0000000727000000|100%| O|  |TAMS 0x0000000727000000| PB 0x0000000727000000| Untracked 
| 312|0x0000000727000000, 0x0000000727200000, 0x0000000727200000|100%| O|  |TAMS 0x0000000727200000| PB 0x0000000727200000| Untracked 
| 313|0x0000000727200000, 0x0000000727400000, 0x0000000727400000|100%| O|  |TAMS 0x0000000727400000| PB 0x0000000727400000| Untracked 
| 314|0x0000000727400000, 0x0000000727600000, 0x0000000727600000|100%| O|  |TAMS 0x0000000727600000| PB 0x0000000727600000| Untracked 
| 315|0x0000000727600000, 0x0000000727800000, 0x0000000727800000|100%| O|  |TAMS 0x0000000727800000| PB 0x0000000727800000| Untracked 
| 316|0x0000000727800000, 0x0000000727a00000, 0x0000000727a00000|100%| O|  |TAMS 0x0000000727a00000| PB 0x0000000727a00000| Updating 
| 317|0x0000000727a00000, 0x0000000727c00000, 0x0000000727c00000|100%| O|  |TAMS 0x0000000727c00000| PB 0x0000000727c00000| Untracked 
| 318|0x0000000727c00000, 0x0000000727e00000, 0x0000000727e00000|100%| O|  |TAMS 0x0000000727e00000| PB 0x0000000727e00000| Untracked 
| 319|0x0000000727e00000, 0x0000000728000000, 0x0000000728000000|100%| O|  |TAMS 0x0000000728000000| PB 0x0000000728000000| Untracked 
| 320|0x0000000728000000, 0x0000000728200000, 0x0000000728200000|100%| O|  |TAMS 0x0000000728200000| PB 0x0000000728200000| Untracked 
| 321|0x0000000728200000, 0x0000000728400000, 0x0000000728400000|100%| O|  |TAMS 0x0000000728400000| PB 0x0000000728400000| Untracked 
| 322|0x0000000728400000, 0x0000000728600000, 0x0000000728600000|100%| O|  |TAMS 0x0000000728600000| PB 0x0000000728600000| Untracked 
| 323|0x0000000728600000, 0x0000000728800000, 0x0000000728800000|100%| O|  |TAMS 0x0000000728800000| PB 0x0000000728800000| Untracked 
| 324|0x0000000728800000, 0x0000000728a00000, 0x0000000728a00000|100%| O|  |TAMS 0x0000000728a00000| PB 0x0000000728a00000| Untracked 
| 325|0x0000000728a00000, 0x0000000728c00000, 0x0000000728c00000|100%| O|  |TAMS 0x0000000728c00000| PB 0x0000000728c00000| Untracked 
| 326|0x0000000728c00000, 0x0000000728e00000, 0x0000000728e00000|100%| O|  |TAMS 0x0000000728e00000| PB 0x0000000728e00000| Untracked 
| 327|0x0000000728e00000, 0x0000000729000000, 0x0000000729000000|100%| O|  |TAMS 0x0000000729000000| PB 0x0000000729000000| Untracked 
| 328|0x0000000729000000, 0x0000000729200000, 0x0000000729200000|100%| O|  |TAMS 0x0000000729200000| PB 0x0000000729200000| Untracked 
| 329|0x0000000729200000, 0x0000000729400000, 0x0000000729400000|100%| O|  |TAMS 0x0000000729400000| PB 0x0000000729400000| Untracked 
| 330|0x0000000729400000, 0x0000000729600000, 0x0000000729600000|100%| O|  |TAMS 0x0000000729600000| PB 0x0000000729600000| Untracked 
| 331|0x0000000729600000, 0x0000000729800000, 0x0000000729800000|100%| O|  |TAMS 0x0000000729800000| PB 0x0000000729800000| Untracked 
| 332|0x0000000729800000, 0x0000000729a00000, 0x0000000729a00000|100%| O|  |TAMS 0x0000000729a00000| PB 0x0000000729a00000| Untracked 
| 333|0x0000000729a00000, 0x0000000729c00000, 0x0000000729c00000|100%| O|  |TAMS 0x0000000729c00000| PB 0x0000000729c00000| Untracked 
| 334|0x0000000729c00000, 0x0000000729e00000, 0x0000000729e00000|100%| O|  |TAMS 0x0000000729e00000| PB 0x0000000729e00000| Untracked 
| 335|0x0000000729e00000, 0x000000072a000000, 0x000000072a000000|100%| O|  |TAMS 0x0000000729e00000| PB 0x0000000729e00000| Untracked 
| 336|0x000000072a000000, 0x000000072a200000, 0x000000072a200000|100%| O|  |TAMS 0x000000072a000000| PB 0x000000072a000000| Untracked 
| 337|0x000000072a200000, 0x000000072a400000, 0x000000072a400000|100%| O|  |TAMS 0x000000072a400000| PB 0x000000072a400000| Updating 
| 338|0x000000072a400000, 0x000000072a600000, 0x000000072a600000|100%| O|  |TAMS 0x000000072a600000| PB 0x000000072a600000| Updating 
| 339|0x000000072a600000, 0x000000072a800000, 0x000000072a800000|100%| O|  |TAMS 0x000000072a800000| PB 0x000000072a800000| Untracked 
| 340|0x000000072a800000, 0x000000072aa00000, 0x000000072aa00000|100%| O|  |TAMS 0x000000072aa00000| PB 0x000000072aa00000| Updating 
| 341|0x000000072aa00000, 0x000000072ac00000, 0x000000072ac00000|100%| O|  |TAMS 0x000000072ac00000| PB 0x000000072ac00000| Updating 
| 342|0x000000072ac00000, 0x000000072ae00000, 0x000000072ae00000|100%| O|  |TAMS 0x000000072ae00000| PB 0x000000072ae00000| Updating 
| 343|0x000000072ae00000, 0x000000072b000000, 0x000000072b000000|100%| O|  |TAMS 0x000000072b000000| PB 0x000000072b000000| Updating 
| 344|0x000000072b000000, 0x000000072b200000, 0x000000072b200000|100%| O|  |TAMS 0x000000072b000000| PB 0x000000072b000000| Untracked 
| 345|0x000000072b200000, 0x000000072b400000, 0x000000072b400000|100%| O|  |TAMS 0x000000072b400000| PB 0x000000072b400000| Untracked 
| 346|0x000000072b400000, 0x000000072b600000, 0x000000072b600000|100%| O|  |TAMS 0x000000072b600000| PB 0x000000072b600000| Untracked 
| 347|0x000000072b600000, 0x000000072b800000, 0x000000072b800000|100%| O|  |TAMS 0x000000072b800000| PB 0x000000072b800000| Updating 
| 348|0x000000072b800000, 0x000000072ba00000, 0x000000072ba00000|100%| O|  |TAMS 0x000000072ba00000| PB 0x000000072ba00000| Untracked 
| 349|0x000000072ba00000, 0x000000072bc00000, 0x000000072bc00000|100%| O|  |TAMS 0x000000072bc00000| PB 0x000000072bc00000| Untracked 
| 350|0x000000072bc00000, 0x000000072be00000, 0x000000072be00000|100%| O|  |TAMS 0x000000072be00000| PB 0x000000072be00000| Untracked 
| 351|0x000000072be00000, 0x000000072c000000, 0x000000072c000000|100%| O|  |TAMS 0x000000072c000000| PB 0x000000072c000000| Untracked 
| 352|0x000000072c000000, 0x000000072c200000, 0x000000072c200000|100%| O|  |TAMS 0x000000072c200000| PB 0x000000072c200000| Untracked 
| 353|0x000000072c200000, 0x000000072c400000, 0x000000072c400000|100%| O|  |TAMS 0x000000072c400000| PB 0x000000072c400000| Untracked 
| 354|0x000000072c400000, 0x000000072c600000, 0x000000072c600000|100%| O|  |TAMS 0x000000072c600000| PB 0x000000072c600000| Updating 
| 355|0x000000072c600000, 0x000000072c800000, 0x000000072c800000|100%| O|  |TAMS 0x000000072c800000| PB 0x000000072c800000| Untracked 
| 356|0x000000072c800000, 0x000000072ca00000, 0x000000072ca00000|100%| O|  |TAMS 0x000000072ca00000| PB 0x000000072ca00000| Updating 
| 357|0x000000072ca00000, 0x000000072cc00000, 0x000000072cc00000|100%| O|  |TAMS 0x000000072cc00000| PB 0x000000072cc00000| Untracked 
| 358|0x000000072cc00000, 0x000000072ce00000, 0x000000072ce00000|100%| O|  |TAMS 0x000000072ce00000| PB 0x000000072ce00000| Updating 
| 359|0x000000072ce00000, 0x000000072d000000, 0x000000072d000000|100%| O|  |TAMS 0x000000072d000000| PB 0x000000072d000000| Untracked 
| 360|0x000000072d000000, 0x000000072d200000, 0x000000072d200000|100%| O|  |TAMS 0x000000072d200000| PB 0x000000072d200000| Untracked 
| 361|0x000000072d200000, 0x000000072d400000, 0x000000072d400000|100%| O|  |TAMS 0x000000072d400000| PB 0x000000072d400000| Untracked 
| 362|0x000000072d400000, 0x000000072d600000, 0x000000072d600000|100%| O|  |TAMS 0x000000072d600000| PB 0x000000072d600000| Untracked 
| 363|0x000000072d600000, 0x000000072d800000, 0x000000072d800000|100%| O|  |TAMS 0x000000072d800000| PB 0x000000072d800000| Updating 
| 364|0x000000072d800000, 0x000000072da00000, 0x000000072da00000|100%| O|  |TAMS 0x000000072d864bc0| PB 0x000000072d864bc0| Untracked 
| 365|0x000000072da00000, 0x000000072dc00000, 0x000000072dc00000|100%| O|  |TAMS 0x000000072da00000| PB 0x000000072da00000| Untracked 
| 366|0x000000072dc00000, 0x000000072de00000, 0x000000072de00000|100%| O|  |TAMS 0x000000072dc00000| PB 0x000000072dc00000| Untracked 
| 367|0x000000072de00000, 0x000000072e000000, 0x000000072e000000|100%| O|  |TAMS 0x000000072de00000| PB 0x000000072de00000| Untracked 
| 368|0x000000072e000000, 0x000000072e0f76c8, 0x000000072e200000| 48%| O|  |TAMS 0x000000072e000000| PB 0x000000072e000000| Updating 
| 369|0x000000072e200000, 0x000000072e200000, 0x000000072e400000|  0%| F|  |TAMS 0x000000072e200000| PB 0x000000072e200000| Untracked 
| 370|0x000000072e400000, 0x000000072e400000, 0x000000072e600000|  0%| F|  |TAMS 0x000000072e400000| PB 0x000000072e400000| Untracked 
| 371|0x000000072e600000, 0x000000072e600000, 0x000000072e800000|  0%| F|  |TAMS 0x000000072e600000| PB 0x000000072e600000| Untracked 
| 372|0x000000072e800000, 0x000000072e800000, 0x000000072ea00000|  0%| F|  |TAMS 0x000000072e800000| PB 0x000000072e800000| Untracked 
| 373|0x000000072ea00000, 0x000000072ec00000, 0x000000072ec00000|100%| O|  |TAMS 0x000000072ec00000| PB 0x000000072ec00000| Untracked 
| 374|0x000000072ec00000, 0x000000072ee00000, 0x000000072ee00000|100%| O|  |TAMS 0x000000072ee00000| PB 0x000000072ee00000| Untracked 
| 375|0x000000072ee00000, 0x000000072f000000, 0x000000072f000000|100%| O|  |TAMS 0x000000072f000000| PB 0x000000072f000000| Untracked 
| 376|0x000000072f000000, 0x000000072f200000, 0x000000072f200000|100%| O|  |TAMS 0x000000072f200000| PB 0x000000072f200000| Untracked 
| 377|0x000000072f200000, 0x000000072f400000, 0x000000072f400000|100%| O|  |TAMS 0x000000072f400000| PB 0x000000072f400000| Untracked 
| 378|0x000000072f400000, 0x000000072f600000, 0x000000072f600000|100%| O|  |TAMS 0x000000072f600000| PB 0x000000072f600000| Untracked 
| 379|0x000000072f600000, 0x000000072f800000, 0x000000072f800000|100%| O|  |TAMS 0x000000072f800000| PB 0x000000072f800000| Untracked 
| 380|0x000000072f800000, 0x000000072fa00000, 0x000000072fa00000|100%| O|  |TAMS 0x000000072fa00000| PB 0x000000072fa00000| Untracked 
| 381|0x000000072fa00000, 0x000000072fc00000, 0x000000072fc00000|100%| O|  |TAMS 0x000000072fc00000| PB 0x000000072fc00000| Untracked 
| 382|0x000000072fc00000, 0x000000072fe00000, 0x000000072fe00000|100%| O|  |TAMS 0x000000072fe00000| PB 0x000000072fe00000| Updating 
| 383|0x000000072fe00000, 0x0000000730000000, 0x0000000730000000|100%| O|  |TAMS 0x0000000730000000| PB 0x0000000730000000| Updating 
| 384|0x0000000730000000, 0x0000000730200000, 0x0000000730200000|100%| O|  |TAMS 0x0000000730200000| PB 0x0000000730200000| Updating 
| 385|0x0000000730200000, 0x0000000730200000, 0x0000000730400000|  0%| F|  |TAMS 0x0000000730200000| PB 0x0000000730200000| Untracked 
| 386|0x0000000730400000, 0x0000000730400000, 0x0000000730600000|  0%| F|  |TAMS 0x0000000730400000| PB 0x0000000730400000| Untracked 
| 387|0x0000000730600000, 0x0000000730600000, 0x0000000730800000|  0%| F|  |TAMS 0x0000000730600000| PB 0x0000000730600000| Untracked 
| 388|0x0000000730800000, 0x0000000730800000, 0x0000000730a00000|  0%| F|  |TAMS 0x0000000730800000| PB 0x0000000730800000| Untracked 
| 389|0x0000000730a00000, 0x0000000730a00000, 0x0000000730c00000|  0%| F|  |TAMS 0x0000000730a00000| PB 0x0000000730a00000| Untracked 
| 390|0x0000000730c00000, 0x0000000730c00000, 0x0000000730e00000|  0%| F|  |TAMS 0x0000000730c00000| PB 0x0000000730c00000| Untracked 
| 391|0x0000000730e00000, 0x0000000730e00000, 0x0000000731000000|  0%| F|  |TAMS 0x0000000730e00000| PB 0x0000000730e00000| Untracked 
| 392|0x0000000731000000, 0x0000000731000000, 0x0000000731200000|  0%| F|  |TAMS 0x0000000731000000| PB 0x0000000731000000| Untracked 
| 393|0x0000000731200000, 0x0000000731200000, 0x0000000731400000|  0%| F|  |TAMS 0x0000000731200000| PB 0x0000000731200000| Untracked 
| 394|0x0000000731400000, 0x0000000731400000, 0x0000000731600000|  0%| F|  |TAMS 0x0000000731400000| PB 0x0000000731400000| Untracked 
| 395|0x0000000731600000, 0x0000000731600000, 0x0000000731800000|  0%| F|  |TAMS 0x0000000731600000| PB 0x0000000731600000| Untracked 
| 396|0x0000000731800000, 0x0000000731800000, 0x0000000731a00000|  0%| F|  |TAMS 0x0000000731800000| PB 0x0000000731800000| Untracked 
| 397|0x0000000731a00000, 0x0000000731a00000, 0x0000000731c00000|  0%| F|  |TAMS 0x0000000731a00000| PB 0x0000000731a00000| Untracked 
| 398|0x0000000731c00000, 0x0000000731c00000, 0x0000000731e00000|  0%| F|  |TAMS 0x0000000731c00000| PB 0x0000000731c00000| Untracked 
| 399|0x0000000731e00000, 0x0000000731e00000, 0x0000000732000000|  0%| F|  |TAMS 0x0000000731e00000| PB 0x0000000731e00000| Untracked 
| 400|0x0000000732000000, 0x0000000732000000, 0x0000000732200000|  0%| F|  |TAMS 0x0000000732000000| PB 0x0000000732000000| Untracked 
| 401|0x0000000732200000, 0x0000000732200000, 0x0000000732400000|  0%| F|  |TAMS 0x0000000732200000| PB 0x0000000732200000| Untracked 
| 402|0x0000000732400000, 0x0000000732400000, 0x0000000732600000|  0%| F|  |TAMS 0x0000000732400000| PB 0x0000000732400000| Untracked 
| 403|0x0000000732600000, 0x0000000732600000, 0x0000000732800000|  0%| F|  |TAMS 0x0000000732600000| PB 0x0000000732600000| Untracked 
| 404|0x0000000732800000, 0x0000000732800000, 0x0000000732a00000|  0%| F|  |TAMS 0x0000000732800000| PB 0x0000000732800000| Untracked 
| 405|0x0000000732a00000, 0x0000000732a00000, 0x0000000732c00000|  0%| F|  |TAMS 0x0000000732a00000| PB 0x0000000732a00000| Untracked 
| 406|0x0000000732c00000, 0x0000000732c00000, 0x0000000732e00000|  0%| F|  |TAMS 0x0000000732c00000| PB 0x0000000732c00000| Untracked 
| 407|0x0000000732e00000, 0x0000000732e00000, 0x0000000733000000|  0%| F|  |TAMS 0x0000000732e00000| PB 0x0000000732e00000| Untracked 
| 408|0x0000000733000000, 0x0000000733000000, 0x0000000733200000|  0%| F|  |TAMS 0x0000000733000000| PB 0x0000000733000000| Untracked 
| 409|0x0000000733200000, 0x0000000733200000, 0x0000000733400000|  0%| F|  |TAMS 0x0000000733200000| PB 0x0000000733200000| Untracked 
| 410|0x0000000733400000, 0x0000000733400000, 0x0000000733600000|  0%| F|  |TAMS 0x0000000733400000| PB 0x0000000733400000| Untracked 
| 411|0x0000000733600000, 0x0000000733600000, 0x0000000733800000|  0%| F|  |TAMS 0x0000000733600000| PB 0x0000000733600000| Untracked 
| 412|0x0000000733800000, 0x0000000733800000, 0x0000000733a00000|  0%| F|  |TAMS 0x0000000733800000| PB 0x0000000733800000| Untracked 
| 413|0x0000000733a00000, 0x0000000733a00000, 0x0000000733c00000|  0%| F|  |TAMS 0x0000000733a00000| PB 0x0000000733a00000| Untracked 
| 414|0x0000000733c00000, 0x0000000733c00000, 0x0000000733e00000|  0%| F|  |TAMS 0x0000000733c00000| PB 0x0000000733c00000| Untracked 
| 415|0x0000000733e00000, 0x0000000733e00000, 0x0000000734000000|  0%| F|  |TAMS 0x0000000733e00000| PB 0x0000000733e00000| Untracked 
| 416|0x0000000734000000, 0x0000000734200000, 0x0000000734200000|100%| O|  |TAMS 0x0000000734200000| PB 0x0000000734200000| Untracked 
| 417|0x0000000734200000, 0x0000000734400000, 0x0000000734400000|100%| O|  |TAMS 0x0000000734400000| PB 0x0000000734400000| Untracked 
| 418|0x0000000734400000, 0x0000000734600000, 0x0000000734600000|100%| O|  |TAMS 0x0000000734600000| PB 0x0000000734600000| Updating 
| 419|0x0000000734600000, 0x0000000734800000, 0x0000000734800000|100%| O|  |TAMS 0x0000000734800000| PB 0x0000000734800000| Updating 
| 420|0x0000000734800000, 0x0000000734a00000, 0x0000000734a00000|100%| O|  |TAMS 0x0000000734a00000| PB 0x0000000734a00000| Updating 
| 421|0x0000000734a00000, 0x0000000734c00000, 0x0000000734c00000|100%| O|  |TAMS 0x0000000734c00000| PB 0x0000000734c00000| Updating 
| 422|0x0000000734c00000, 0x0000000734e00000, 0x0000000734e00000|100%| O|  |TAMS 0x0000000734e00000| PB 0x0000000734e00000| Untracked 
| 423|0x0000000734e00000, 0x0000000735000000, 0x0000000735000000|100%| O|  |TAMS 0x0000000735000000| PB 0x0000000735000000| Untracked 
| 424|0x0000000735000000, 0x0000000735200000, 0x0000000735200000|100%| O|  |TAMS 0x0000000735200000| PB 0x0000000735200000| Updating 
| 425|0x0000000735200000, 0x0000000735400000, 0x0000000735400000|100%| O|  |TAMS 0x0000000735400000| PB 0x0000000735400000| Untracked 
| 426|0x0000000735400000, 0x0000000735600000, 0x0000000735600000|100%| O|  |TAMS 0x0000000735600000| PB 0x0000000735600000| Untracked 
| 427|0x0000000735600000, 0x0000000735800000, 0x0000000735800000|100%| O|  |TAMS 0x0000000735800000| PB 0x0000000735800000| Updating 
| 428|0x0000000735800000, 0x0000000735a00000, 0x0000000735a00000|100%| O|  |TAMS 0x0000000735a00000| PB 0x0000000735a00000| Untracked 
| 429|0x0000000735a00000, 0x0000000735c00000, 0x0000000735c00000|100%| O|  |TAMS 0x0000000735c00000| PB 0x0000000735c00000| Untracked 
| 430|0x0000000735c00000, 0x0000000735e00000, 0x0000000735e00000|100%| O|  |TAMS 0x0000000735e00000| PB 0x0000000735e00000| Untracked 
| 431|0x0000000735e00000, 0x0000000736000000, 0x0000000736000000|100%| O|  |TAMS 0x0000000736000000| PB 0x0000000736000000| Updating 
| 432|0x0000000736000000, 0x0000000736200000, 0x0000000736200000|100%| O|  |TAMS 0x0000000736200000| PB 0x0000000736200000| Untracked 
| 433|0x0000000736200000, 0x0000000736400000, 0x0000000736400000|100%| O|  |TAMS 0x0000000736400000| PB 0x0000000736400000| Updating 
| 434|0x0000000736400000, 0x0000000736600000, 0x0000000736600000|100%| O|  |TAMS 0x0000000736600000| PB 0x0000000736600000| Updating 
| 435|0x0000000736600000, 0x0000000736800000, 0x0000000736800000|100%| O|  |TAMS 0x0000000736800000| PB 0x0000000736800000| Updating 
| 436|0x0000000736800000, 0x0000000736a00000, 0x0000000736a00000|100%| O|  |TAMS 0x0000000736a00000| PB 0x0000000736a00000| Updating 
| 437|0x0000000736a00000, 0x0000000736c00000, 0x0000000736c00000|100%| O|  |TAMS 0x0000000736c00000| PB 0x0000000736c00000| Untracked 
| 438|0x0000000736c00000, 0x0000000736e00000, 0x0000000736e00000|100%| O|  |TAMS 0x0000000736e00000| PB 0x0000000736e00000| Updating 
| 439|0x0000000736e00000, 0x0000000737000000, 0x0000000737000000|100%| O|  |TAMS 0x0000000737000000| PB 0x0000000737000000| Updating 
| 440|0x0000000737000000, 0x0000000737200000, 0x0000000737200000|100%| O|  |TAMS 0x0000000737200000| PB 0x0000000737200000| Updating 
| 441|0x0000000737200000, 0x0000000737400000, 0x0000000737400000|100%| O|  |TAMS 0x0000000737400000| PB 0x0000000737400000| Untracked 
| 442|0x0000000737400000, 0x0000000737400000, 0x0000000737600000|  0%| F|  |TAMS 0x0000000737400000| PB 0x0000000737400000| Untracked 
| 443|0x0000000737600000, 0x0000000737600000, 0x0000000737800000|  0%| F|  |TAMS 0x0000000737600000| PB 0x0000000737600000| Untracked 
| 444|0x0000000737800000, 0x0000000737800000, 0x0000000737a00000|  0%| F|  |TAMS 0x0000000737800000| PB 0x0000000737800000| Untracked 
| 445|0x0000000737a00000, 0x0000000737a00000, 0x0000000737c00000|  0%| F|  |TAMS 0x0000000737a00000| PB 0x0000000737a00000| Untracked 
| 446|0x0000000737c00000, 0x0000000737c00000, 0x0000000737e00000|  0%| F|  |TAMS 0x0000000737c00000| PB 0x0000000737c00000| Untracked 
| 447|0x0000000737e00000, 0x0000000737e00000, 0x0000000738000000|  0%| F|  |TAMS 0x0000000737e00000| PB 0x0000000737e00000| Untracked 
| 448|0x0000000738000000, 0x0000000738000000, 0x0000000738200000|  0%| F|  |TAMS 0x0000000738000000| PB 0x0000000738000000| Untracked 
| 449|0x0000000738200000, 0x0000000738200000, 0x0000000738400000|  0%| F|  |TAMS 0x0000000738200000| PB 0x0000000738200000| Untracked 
| 450|0x0000000738400000, 0x0000000738400000, 0x0000000738600000|  0%| F|  |TAMS 0x0000000738400000| PB 0x0000000738400000| Untracked 
| 451|0x0000000738600000, 0x0000000738600000, 0x0000000738800000|  0%| F|  |TAMS 0x0000000738600000| PB 0x0000000738600000| Untracked 
| 452|0x0000000738800000, 0x0000000738800000, 0x0000000738a00000|  0%| F|  |TAMS 0x0000000738800000| PB 0x0000000738800000| Untracked 
| 453|0x0000000738a00000, 0x0000000738a00000, 0x0000000738c00000|  0%| F|  |TAMS 0x0000000738a00000| PB 0x0000000738a00000| Untracked 
| 454|0x0000000738c00000, 0x0000000738c00000, 0x0000000738e00000|  0%| F|  |TAMS 0x0000000738c00000| PB 0x0000000738c00000| Untracked 
| 455|0x0000000738e00000, 0x0000000738e00000, 0x0000000739000000|  0%| F|  |TAMS 0x0000000738e00000| PB 0x0000000738e00000| Untracked 
| 456|0x0000000739000000, 0x0000000739000000, 0x0000000739200000|  0%| F|  |TAMS 0x0000000739000000| PB 0x0000000739000000| Untracked 
| 457|0x0000000739200000, 0x0000000739200000, 0x0000000739400000|  0%| F|  |TAMS 0x0000000739200000| PB 0x0000000739200000| Untracked 
| 458|0x0000000739400000, 0x0000000739400000, 0x0000000739600000|  0%| F|  |TAMS 0x0000000739400000| PB 0x0000000739400000| Untracked 
| 459|0x0000000739600000, 0x0000000739600000, 0x0000000739800000|  0%| F|  |TAMS 0x0000000739600000| PB 0x0000000739600000| Untracked 
| 460|0x0000000739800000, 0x0000000739800000, 0x0000000739a00000|  0%| F|  |TAMS 0x0000000739800000| PB 0x0000000739800000| Untracked 
| 461|0x0000000739a00000, 0x0000000739a00000, 0x0000000739c00000|  0%| F|  |TAMS 0x0000000739a00000| PB 0x0000000739a00000| Untracked 
| 462|0x0000000739c00000, 0x0000000739c00000, 0x0000000739e00000|  0%| F|  |TAMS 0x0000000739c00000| PB 0x0000000739c00000| Untracked 
| 463|0x0000000739e00000, 0x0000000739e00000, 0x000000073a000000|  0%| F|  |TAMS 0x0000000739e00000| PB 0x0000000739e00000| Untracked 
| 464|0x000000073a000000, 0x000000073a000000, 0x000000073a200000|  0%| F|  |TAMS 0x000000073a000000| PB 0x000000073a000000| Untracked 
| 465|0x000000073a200000, 0x000000073a200000, 0x000000073a400000|  0%| F|  |TAMS 0x000000073a200000| PB 0x000000073a200000| Untracked 
| 466|0x000000073a400000, 0x000000073a400000, 0x000000073a600000|  0%| F|  |TAMS 0x000000073a400000| PB 0x000000073a400000| Untracked 
| 467|0x000000073a600000, 0x000000073a600000, 0x000000073a800000|  0%| F|  |TAMS 0x000000073a600000| PB 0x000000073a600000| Untracked 
| 468|0x000000073a800000, 0x000000073a800000, 0x000000073aa00000|  0%| F|  |TAMS 0x000000073a800000| PB 0x000000073a800000| Untracked 
| 469|0x000000073aa00000, 0x000000073aa00000, 0x000000073ac00000|  0%| F|  |TAMS 0x000000073aa00000| PB 0x000000073aa00000| Untracked 
| 470|0x000000073ac00000, 0x000000073ac00000, 0x000000073ae00000|  0%| F|  |TAMS 0x000000073ac00000| PB 0x000000073ac00000| Untracked 
| 471|0x000000073ae00000, 0x000000073ae00000, 0x000000073b000000|  0%| F|  |TAMS 0x000000073ae00000| PB 0x000000073ae00000| Untracked 
| 472|0x000000073b000000, 0x000000073b000000, 0x000000073b200000|  0%| F|  |TAMS 0x000000073b000000| PB 0x000000073b000000| Untracked 
| 473|0x000000073b200000, 0x000000073b200000, 0x000000073b400000|  0%| F|  |TAMS 0x000000073b200000| PB 0x000000073b200000| Untracked 
| 474|0x000000073b400000, 0x000000073b400000, 0x000000073b600000|  0%| F|  |TAMS 0x000000073b400000| PB 0x000000073b400000| Untracked 
| 475|0x000000073b600000, 0x000000073b600000, 0x000000073b800000|  0%| F|  |TAMS 0x000000073b600000| PB 0x000000073b600000| Untracked 
| 476|0x000000073b800000, 0x000000073b800000, 0x000000073ba00000|  0%| F|  |TAMS 0x000000073b800000| PB 0x000000073b800000| Untracked 
| 477|0x000000073ba00000, 0x000000073ba00000, 0x000000073bc00000|  0%| F|  |TAMS 0x000000073ba00000| PB 0x000000073ba00000| Untracked 
| 478|0x000000073bc00000, 0x000000073bc00000, 0x000000073be00000|  0%| F|  |TAMS 0x000000073bc00000| PB 0x000000073bc00000| Untracked 
| 479|0x000000073be00000, 0x000000073be00000, 0x000000073c000000|  0%| F|  |TAMS 0x000000073be00000| PB 0x000000073be00000| Untracked 
| 480|0x000000073c000000, 0x000000073c000000, 0x000000073c200000|  0%| F|  |TAMS 0x000000073c000000| PB 0x000000073c000000| Untracked 
| 481|0x000000073c200000, 0x000000073c200000, 0x000000073c400000|  0%| F|  |TAMS 0x000000073c200000| PB 0x000000073c200000| Untracked 
| 482|0x000000073c400000, 0x000000073c400000, 0x000000073c600000|  0%| F|  |TAMS 0x000000073c400000| PB 0x000000073c400000| Untracked 
| 483|0x000000073c600000, 0x000000073c600000, 0x000000073c800000|  0%| F|  |TAMS 0x000000073c600000| PB 0x000000073c600000| Untracked 
| 484|0x000000073c800000, 0x000000073c800000, 0x000000073ca00000|  0%| F|  |TAMS 0x000000073c800000| PB 0x000000073c800000| Untracked 
| 485|0x000000073ca00000, 0x000000073ca00000, 0x000000073cc00000|  0%| F|  |TAMS 0x000000073ca00000| PB 0x000000073ca00000| Untracked 
| 486|0x000000073cc00000, 0x000000073cc00000, 0x000000073ce00000|  0%| F|  |TAMS 0x000000073cc00000| PB 0x000000073cc00000| Untracked 
| 487|0x000000073ce00000, 0x000000073ce00000, 0x000000073d000000|  0%| F|  |TAMS 0x000000073ce00000| PB 0x000000073ce00000| Untracked 
| 488|0x000000073d000000, 0x000000073d000000, 0x000000073d200000|  0%| F|  |TAMS 0x000000073d000000| PB 0x000000073d000000| Untracked 
| 489|0x000000073d200000, 0x000000073d200000, 0x000000073d400000|  0%| F|  |TAMS 0x000000073d200000| PB 0x000000073d200000| Untracked 
| 490|0x000000073d400000, 0x000000073d400000, 0x000000073d600000|  0%| F|  |TAMS 0x000000073d400000| PB 0x000000073d400000| Untracked 
| 491|0x000000073d600000, 0x000000073d600000, 0x000000073d800000|  0%| F|  |TAMS 0x000000073d600000| PB 0x000000073d600000| Untracked 
| 492|0x000000073d800000, 0x000000073d800000, 0x000000073da00000|  0%| F|  |TAMS 0x000000073d800000| PB 0x000000073d800000| Untracked 
| 493|0x000000073da00000, 0x000000073da00000, 0x000000073dc00000|  0%| F|  |TAMS 0x000000073da00000| PB 0x000000073da00000| Untracked 
| 494|0x000000073dc00000, 0x000000073dc00000, 0x000000073de00000|  0%| F|  |TAMS 0x000000073dc00000| PB 0x000000073dc00000| Untracked 
| 495|0x000000073de00000, 0x000000073de00000, 0x000000073e000000|  0%| F|  |TAMS 0x000000073de00000| PB 0x000000073de00000| Untracked 
| 496|0x000000073e000000, 0x000000073e000000, 0x000000073e200000|  0%| F|  |TAMS 0x000000073e000000| PB 0x000000073e000000| Untracked 
| 497|0x000000073e200000, 0x000000073e200000, 0x000000073e400000|  0%| F|  |TAMS 0x000000073e200000| PB 0x000000073e200000| Untracked 
| 498|0x000000073e400000, 0x000000073e400000, 0x000000073e600000|  0%| F|  |TAMS 0x000000073e400000| PB 0x000000073e400000| Untracked 
| 499|0x000000073e600000, 0x000000073e600000, 0x000000073e800000|  0%| F|  |TAMS 0x000000073e600000| PB 0x000000073e600000| Untracked 
| 500|0x000000073e800000, 0x000000073e800000, 0x000000073ea00000|  0%| F|  |TAMS 0x000000073e800000| PB 0x000000073e800000| Untracked 
| 501|0x000000073ea00000, 0x000000073ea00000, 0x000000073ec00000|  0%| F|  |TAMS 0x000000073ea00000| PB 0x000000073ea00000| Untracked 
| 502|0x000000073ec00000, 0x000000073ec00000, 0x000000073ee00000|  0%| F|  |TAMS 0x000000073ec00000| PB 0x000000073ec00000| Untracked 
| 503|0x000000073ee00000, 0x000000073f000000, 0x000000073f000000|100%| S|CS|TAMS 0x000000073ee00000| PB 0x000000073ee00000| Complete 
| 504|0x000000073f000000, 0x000000073f200000, 0x000000073f200000|100%| S|CS|TAMS 0x000000073f000000| PB 0x000000073f000000| Complete 
| 505|0x000000073f200000, 0x000000073f400000, 0x000000073f400000|100%| S|CS|TAMS 0x000000073f200000| PB 0x000000073f200000| Complete 
| 506|0x000000073f400000, 0x000000073f600000, 0x000000073f600000|100%| S|CS|TAMS 0x000000073f400000| PB 0x000000073f400000| Complete 
| 507|0x000000073f600000, 0x000000073f800000, 0x000000073f800000|100%| S|CS|TAMS 0x000000073f600000| PB 0x000000073f600000| Complete 
| 508|0x000000073f800000, 0x000000073fa00000, 0x000000073fa00000|100%| S|CS|TAMS 0x000000073f800000| PB 0x000000073f800000| Complete 
| 509|0x000000073fa00000, 0x000000073fc00000, 0x000000073fc00000|100%| S|CS|TAMS 0x000000073fa00000| PB 0x000000073fa00000| Complete 
| 510|0x000000073fc00000, 0x000000073fe00000, 0x000000073fe00000|100%| S|CS|TAMS 0x000000073fc00000| PB 0x000000073fc00000| Complete 
| 511|0x000000073fe00000, 0x0000000740000000, 0x0000000740000000|100%| S|CS|TAMS 0x000000073fe00000| PB 0x000000073fe00000| Complete 
| 512|0x0000000740000000, 0x0000000740200000, 0x0000000740200000|100%| S|CS|TAMS 0x0000000740000000| PB 0x0000000740000000| Complete 
| 513|0x0000000740200000, 0x0000000740400000, 0x0000000740400000|100%| S|CS|TAMS 0x0000000740200000| PB 0x0000000740200000| Complete 
| 514|0x0000000740400000, 0x0000000740600000, 0x0000000740600000|100%| S|CS|TAMS 0x0000000740400000| PB 0x0000000740400000| Complete 
| 515|0x0000000740600000, 0x0000000740800000, 0x0000000740800000|100%| S|CS|TAMS 0x0000000740600000| PB 0x0000000740600000| Complete 
| 516|0x0000000740800000, 0x0000000740a00000, 0x0000000740a00000|100%| S|CS|TAMS 0x0000000740800000| PB 0x0000000740800000| Complete 
| 517|0x0000000740a00000, 0x0000000740c00000, 0x0000000740c00000|100%| S|CS|TAMS 0x0000000740a00000| PB 0x0000000740a00000| Complete 
| 518|0x0000000740c00000, 0x0000000740e00000, 0x0000000740e00000|100%| S|CS|TAMS 0x0000000740c00000| PB 0x0000000740c00000| Complete 
| 519|0x0000000740e00000, 0x0000000741000000, 0x0000000741000000|100%| S|CS|TAMS 0x0000000740e00000| PB 0x0000000740e00000| Complete 
| 520|0x0000000741000000, 0x0000000741200000, 0x0000000741200000|100%| S|CS|TAMS 0x0000000741000000| PB 0x0000000741000000| Complete 
| 521|0x0000000741200000, 0x0000000741400000, 0x0000000741400000|100%| S|CS|TAMS 0x0000000741200000| PB 0x0000000741200000| Complete 
| 522|0x0000000741400000, 0x0000000741600000, 0x0000000741600000|100%| S|CS|TAMS 0x0000000741400000| PB 0x0000000741400000| Complete 
| 523|0x0000000741600000, 0x0000000741800000, 0x0000000741800000|100%| S|CS|TAMS 0x0000000741600000| PB 0x0000000741600000| Complete 
| 524|0x0000000741800000, 0x0000000741a00000, 0x0000000741a00000|100%| S|CS|TAMS 0x0000000741800000| PB 0x0000000741800000| Complete 
| 525|0x0000000741a00000, 0x0000000741c00000, 0x0000000741c00000|100%| S|CS|TAMS 0x0000000741a00000| PB 0x0000000741a00000| Complete 
| 526|0x0000000741c00000, 0x0000000741e00000, 0x0000000741e00000|100%| S|CS|TAMS 0x0000000741c00000| PB 0x0000000741c00000| Complete 
| 527|0x0000000741e00000, 0x0000000742000000, 0x0000000742000000|100%| S|CS|TAMS 0x0000000741e00000| PB 0x0000000741e00000| Complete 
| 528|0x0000000742000000, 0x0000000742200000, 0x0000000742200000|100%| S|CS|TAMS 0x0000000742000000| PB 0x0000000742000000| Complete 
| 529|0x0000000742200000, 0x0000000742400000, 0x0000000742400000|100%| S|CS|TAMS 0x0000000742200000| PB 0x0000000742200000| Complete 
| 530|0x0000000742400000, 0x0000000742600000, 0x0000000742600000|100%| S|CS|TAMS 0x0000000742400000| PB 0x0000000742400000| Complete 
| 531|0x0000000742600000, 0x0000000742800000, 0x0000000742800000|100%| S|CS|TAMS 0x0000000742600000| PB 0x0000000742600000| Complete 
| 532|0x0000000742800000, 0x0000000742a00000, 0x0000000742a00000|100%| S|CS|TAMS 0x0000000742800000| PB 0x0000000742800000| Complete 
| 533|0x0000000742a00000, 0x0000000742c00000, 0x0000000742c00000|100%| S|CS|TAMS 0x0000000742a00000| PB 0x0000000742a00000| Complete 
| 534|0x0000000742c00000, 0x0000000742e00000, 0x0000000742e00000|100%| S|CS|TAMS 0x0000000742c00000| PB 0x0000000742c00000| Complete 
| 535|0x0000000742e00000, 0x0000000743000000, 0x0000000743000000|100%| S|CS|TAMS 0x0000000742e00000| PB 0x0000000742e00000| Complete 
| 536|0x0000000743000000, 0x0000000743200000, 0x0000000743200000|100%| S|CS|TAMS 0x0000000743000000| PB 0x0000000743000000| Complete 
| 537|0x0000000743200000, 0x0000000743400000, 0x0000000743400000|100%| S|CS|TAMS 0x0000000743200000| PB 0x0000000743200000| Complete 
| 538|0x0000000743400000, 0x0000000743600000, 0x0000000743600000|100%| S|CS|TAMS 0x0000000743400000| PB 0x0000000743400000| Complete 
| 539|0x0000000743600000, 0x0000000743800000, 0x0000000743800000|100%| S|CS|TAMS 0x0000000743600000| PB 0x0000000743600000| Complete 
| 540|0x0000000743800000, 0x0000000743a00000, 0x0000000743a00000|100%| S|CS|TAMS 0x0000000743800000| PB 0x0000000743800000| Complete 
| 541|0x0000000743a00000, 0x0000000743c00000, 0x0000000743c00000|100%| S|CS|TAMS 0x0000000743a00000| PB 0x0000000743a00000| Complete 
| 542|0x0000000743c00000, 0x0000000743e00000, 0x0000000743e00000|100%| S|CS|TAMS 0x0000000743c00000| PB 0x0000000743c00000| Complete 
| 543|0x0000000743e00000, 0x0000000744000000, 0x0000000744000000|100%| S|CS|TAMS 0x0000000743e00000| PB 0x0000000743e00000| Complete 
| 544|0x0000000744000000, 0x0000000744200000, 0x0000000744200000|100%| S|CS|TAMS 0x0000000744000000| PB 0x0000000744000000| Complete 
| 545|0x0000000744200000, 0x0000000744400000, 0x0000000744400000|100%| S|CS|TAMS 0x0000000744200000| PB 0x0000000744200000| Complete 
| 546|0x0000000744400000, 0x0000000744600000, 0x0000000744600000|100%| S|CS|TAMS 0x0000000744400000| PB 0x0000000744400000| Complete 
| 547|0x0000000744600000, 0x0000000744800000, 0x0000000744800000|100%| S|CS|TAMS 0x0000000744600000| PB 0x0000000744600000| Complete 
| 548|0x0000000744800000, 0x0000000744a00000, 0x0000000744a00000|100%| S|CS|TAMS 0x0000000744800000| PB 0x0000000744800000| Complete 
| 549|0x0000000744a00000, 0x0000000744c00000, 0x0000000744c00000|100%| S|CS|TAMS 0x0000000744a00000| PB 0x0000000744a00000| Complete 
| 550|0x0000000744c00000, 0x0000000744e00000, 0x0000000744e00000|100%| S|CS|TAMS 0x0000000744c00000| PB 0x0000000744c00000| Complete 
| 551|0x0000000744e00000, 0x0000000745000000, 0x0000000745000000|100%| S|CS|TAMS 0x0000000744e00000| PB 0x0000000744e00000| Complete 
| 552|0x0000000745000000, 0x0000000745200000, 0x0000000745200000|100%| S|CS|TAMS 0x0000000745000000| PB 0x0000000745000000| Complete 
| 553|0x0000000745200000, 0x0000000745400000, 0x0000000745400000|100%| S|CS|TAMS 0x0000000745200000| PB 0x0000000745200000| Complete 
| 554|0x0000000745400000, 0x0000000745600000, 0x0000000745600000|100%| S|CS|TAMS 0x0000000745400000| PB 0x0000000745400000| Complete 
| 555|0x0000000745600000, 0x0000000745600000, 0x0000000745800000|  0%| F|  |TAMS 0x0000000745600000| PB 0x0000000745600000| Untracked 
| 556|0x0000000745800000, 0x0000000745800000, 0x0000000745a00000|  0%| F|  |TAMS 0x0000000745800000| PB 0x0000000745800000| Untracked 
| 557|0x0000000745a00000, 0x0000000745a00000, 0x0000000745c00000|  0%| F|  |TAMS 0x0000000745a00000| PB 0x0000000745a00000| Untracked 
| 558|0x0000000745c00000, 0x0000000745c00000, 0x0000000745e00000|  0%| F|  |TAMS 0x0000000745c00000| PB 0x0000000745c00000| Untracked 
| 559|0x0000000745e00000, 0x0000000745e00000, 0x0000000746000000|  0%| F|  |TAMS 0x0000000745e00000| PB 0x0000000745e00000| Untracked 
| 560|0x0000000746000000, 0x0000000746000000, 0x0000000746200000|  0%| F|  |TAMS 0x0000000746000000| PB 0x0000000746000000| Untracked 
| 561|0x0000000746200000, 0x0000000746200000, 0x0000000746400000|  0%| F|  |TAMS 0x0000000746200000| PB 0x0000000746200000| Untracked 
| 562|0x0000000746400000, 0x0000000746400000, 0x0000000746600000|  0%| F|  |TAMS 0x0000000746400000| PB 0x0000000746400000| Untracked 
| 563|0x0000000746600000, 0x0000000746600000, 0x0000000746800000|  0%| F|  |TAMS 0x0000000746600000| PB 0x0000000746600000| Untracked 
| 564|0x0000000746800000, 0x0000000746800000, 0x0000000746a00000|  0%| F|  |TAMS 0x0000000746800000| PB 0x0000000746800000| Untracked 
| 565|0x0000000746a00000, 0x0000000746a00000, 0x0000000746c00000|  0%| F|  |TAMS 0x0000000746a00000| PB 0x0000000746a00000| Untracked 
| 566|0x0000000746c00000, 0x0000000746c00000, 0x0000000746e00000|  0%| F|  |TAMS 0x0000000746c00000| PB 0x0000000746c00000| Untracked 
| 567|0x0000000746e00000, 0x0000000746e00000, 0x0000000747000000|  0%| F|  |TAMS 0x0000000746e00000| PB 0x0000000746e00000| Untracked 
| 568|0x0000000747000000, 0x0000000747000000, 0x0000000747200000|  0%| F|  |TAMS 0x0000000747000000| PB 0x0000000747000000| Untracked 
| 569|0x0000000747200000, 0x0000000747200000, 0x0000000747400000|  0%| F|  |TAMS 0x0000000747200000| PB 0x0000000747200000| Untracked 
| 570|0x0000000747400000, 0x0000000747400000, 0x0000000747600000|  0%| F|  |TAMS 0x0000000747400000| PB 0x0000000747400000| Untracked 
| 571|0x0000000747600000, 0x0000000747600000, 0x0000000747800000|  0%| F|  |TAMS 0x0000000747600000| PB 0x0000000747600000| Untracked 
| 572|0x0000000747800000, 0x0000000747800000, 0x0000000747a00000|  0%| F|  |TAMS 0x0000000747800000| PB 0x0000000747800000| Untracked 
| 573|0x0000000747a00000, 0x0000000747a00000, 0x0000000747c00000|  0%| F|  |TAMS 0x0000000747a00000| PB 0x0000000747a00000| Untracked 
| 574|0x0000000747c00000, 0x0000000747c00000, 0x0000000747e00000|  0%| F|  |TAMS 0x0000000747c00000| PB 0x0000000747c00000| Untracked 
| 575|0x0000000747e00000, 0x0000000747e00000, 0x0000000748000000|  0%| F|  |TAMS 0x0000000747e00000| PB 0x0000000747e00000| Untracked 
| 576|0x0000000748000000, 0x0000000748000000, 0x0000000748200000|  0%| F|  |TAMS 0x0000000748000000| PB 0x0000000748000000| Untracked 
| 577|0x0000000748200000, 0x0000000748200000, 0x0000000748400000|  0%| F|  |TAMS 0x0000000748200000| PB 0x0000000748200000| Untracked 
| 578|0x0000000748400000, 0x0000000748400000, 0x0000000748600000|  0%| F|  |TAMS 0x0000000748400000| PB 0x0000000748400000| Untracked 
| 579|0x0000000748600000, 0x0000000748600000, 0x0000000748800000|  0%| F|  |TAMS 0x0000000748600000| PB 0x0000000748600000| Untracked 
| 580|0x0000000748800000, 0x0000000748800000, 0x0000000748a00000|  0%| F|  |TAMS 0x0000000748800000| PB 0x0000000748800000| Untracked 
| 581|0x0000000748a00000, 0x0000000748a00000, 0x0000000748c00000|  0%| F|  |TAMS 0x0000000748a00000| PB 0x0000000748a00000| Untracked 
| 582|0x0000000748c00000, 0x0000000748c00000, 0x0000000748e00000|  0%| F|  |TAMS 0x0000000748c00000| PB 0x0000000748c00000| Untracked 
| 583|0x0000000748e00000, 0x0000000748e00000, 0x0000000749000000|  0%| F|  |TAMS 0x0000000748e00000| PB 0x0000000748e00000| Untracked 
| 584|0x0000000749000000, 0x0000000749000000, 0x0000000749200000|  0%| F|  |TAMS 0x0000000749000000| PB 0x0000000749000000| Untracked 
| 585|0x0000000749200000, 0x0000000749200000, 0x0000000749400000|  0%| F|  |TAMS 0x0000000749200000| PB 0x0000000749200000| Untracked 
| 586|0x0000000749400000, 0x0000000749400000, 0x0000000749600000|  0%| F|  |TAMS 0x0000000749400000| PB 0x0000000749400000| Untracked 
| 587|0x0000000749600000, 0x0000000749600000, 0x0000000749800000|  0%| F|  |TAMS 0x0000000749600000| PB 0x0000000749600000| Untracked 
| 588|0x0000000749800000, 0x0000000749800000, 0x0000000749a00000|  0%| F|  |TAMS 0x0000000749800000| PB 0x0000000749800000| Untracked 
| 589|0x0000000749a00000, 0x0000000749a00000, 0x0000000749c00000|  0%| F|  |TAMS 0x0000000749a00000| PB 0x0000000749a00000| Untracked 
| 590|0x0000000749c00000, 0x0000000749c00000, 0x0000000749e00000|  0%| F|  |TAMS 0x0000000749c00000| PB 0x0000000749c00000| Untracked 
| 591|0x0000000749e00000, 0x0000000749e00000, 0x000000074a000000|  0%| F|  |TAMS 0x0000000749e00000| PB 0x0000000749e00000| Untracked 
| 592|0x000000074a000000, 0x000000074a000000, 0x000000074a200000|  0%| F|  |TAMS 0x000000074a000000| PB 0x000000074a000000| Untracked 
| 593|0x000000074a200000, 0x000000074a200000, 0x000000074a400000|  0%| F|  |TAMS 0x000000074a200000| PB 0x000000074a200000| Untracked 
| 594|0x000000074a400000, 0x000000074a400000, 0x000000074a600000|  0%| F|  |TAMS 0x000000074a400000| PB 0x000000074a400000| Untracked 
| 595|0x000000074a600000, 0x000000074a600000, 0x000000074a800000|  0%| F|  |TAMS 0x000000074a600000| PB 0x000000074a600000| Untracked 
| 596|0x000000074a800000, 0x000000074a800000, 0x000000074aa00000|  0%| F|  |TAMS 0x000000074a800000| PB 0x000000074a800000| Untracked 
| 597|0x000000074aa00000, 0x000000074aa00000, 0x000000074ac00000|  0%| F|  |TAMS 0x000000074aa00000| PB 0x000000074aa00000| Untracked 
| 598|0x000000074ac00000, 0x000000074ac00000, 0x000000074ae00000|  0%| F|  |TAMS 0x000000074ac00000| PB 0x000000074ac00000| Untracked 
| 599|0x000000074ae00000, 0x000000074ae00000, 0x000000074b000000|  0%| F|  |TAMS 0x000000074ae00000| PB 0x000000074ae00000| Untracked 
| 600|0x000000074b000000, 0x000000074b000000, 0x000000074b200000|  0%| F|  |TAMS 0x000000074b000000| PB 0x000000074b000000| Untracked 
| 601|0x000000074b200000, 0x000000074b200000, 0x000000074b400000|  0%| F|  |TAMS 0x000000074b200000| PB 0x000000074b200000| Untracked 
| 602|0x000000074b400000, 0x000000074b400000, 0x000000074b600000|  0%| F|  |TAMS 0x000000074b400000| PB 0x000000074b400000| Untracked 
| 603|0x000000074b600000, 0x000000074b600000, 0x000000074b800000|  0%| F|  |TAMS 0x000000074b600000| PB 0x000000074b600000| Untracked 
| 604|0x000000074b800000, 0x000000074b800000, 0x000000074ba00000|  0%| F|  |TAMS 0x000000074b800000| PB 0x000000074b800000| Untracked 
| 605|0x000000074ba00000, 0x000000074ba00000, 0x000000074bc00000|  0%| F|  |TAMS 0x000000074ba00000| PB 0x000000074ba00000| Untracked 
| 606|0x000000074bc00000, 0x000000074bc00000, 0x000000074be00000|  0%| F|  |TAMS 0x000000074bc00000| PB 0x000000074bc00000| Untracked 
| 607|0x000000074be00000, 0x000000074be00000, 0x000000074c000000|  0%| F|  |TAMS 0x000000074be00000| PB 0x000000074be00000| Untracked 
| 608|0x000000074c000000, 0x000000074c000000, 0x000000074c200000|  0%| F|  |TAMS 0x000000074c000000| PB 0x000000074c000000| Untracked 
| 609|0x000000074c200000, 0x000000074c200000, 0x000000074c400000|  0%| F|  |TAMS 0x000000074c200000| PB 0x000000074c200000| Untracked 
| 610|0x000000074c400000, 0x000000074c400000, 0x000000074c600000|  0%| F|  |TAMS 0x000000074c400000| PB 0x000000074c400000| Untracked 
| 611|0x000000074c600000, 0x000000074c600000, 0x000000074c800000|  0%| F|  |TAMS 0x000000074c600000| PB 0x000000074c600000| Untracked 
| 612|0x000000074c800000, 0x000000074c800000, 0x000000074ca00000|  0%| F|  |TAMS 0x000000074c800000| PB 0x000000074c800000| Untracked 
| 613|0x000000074ca00000, 0x000000074ca00000, 0x000000074cc00000|  0%| F|  |TAMS 0x000000074ca00000| PB 0x000000074ca00000| Untracked 
| 614|0x000000074cc00000, 0x000000074cc00000, 0x000000074ce00000|  0%| F|  |TAMS 0x000000074cc00000| PB 0x000000074cc00000| Untracked 
| 615|0x000000074ce00000, 0x000000074ce00000, 0x000000074d000000|  0%| F|  |TAMS 0x000000074ce00000| PB 0x000000074ce00000| Untracked 
| 616|0x000000074d000000, 0x000000074d000000, 0x000000074d200000|  0%| F|  |TAMS 0x000000074d000000| PB 0x000000074d000000| Untracked 
| 617|0x000000074d200000, 0x000000074d200000, 0x000000074d400000|  0%| F|  |TAMS 0x000000074d200000| PB 0x000000074d200000| Untracked 
| 618|0x000000074d400000, 0x000000074d400000, 0x000000074d600000|  0%| F|  |TAMS 0x000000074d400000| PB 0x000000074d400000| Untracked 
| 619|0x000000074d600000, 0x000000074d600000, 0x000000074d800000|  0%| F|  |TAMS 0x000000074d600000| PB 0x000000074d600000| Untracked 
| 620|0x000000074d800000, 0x000000074d800000, 0x000000074da00000|  0%| F|  |TAMS 0x000000074d800000| PB 0x000000074d800000| Untracked 
| 621|0x000000074da00000, 0x000000074da00000, 0x000000074dc00000|  0%| F|  |TAMS 0x000000074da00000| PB 0x000000074da00000| Untracked 
| 622|0x000000074dc00000, 0x000000074dc00000, 0x000000074de00000|  0%| F|  |TAMS 0x000000074dc00000| PB 0x000000074dc00000| Untracked 
| 623|0x000000074de00000, 0x000000074de00000, 0x000000074e000000|  0%| F|  |TAMS 0x000000074de00000| PB 0x000000074de00000| Untracked 
| 624|0x000000074e000000, 0x000000074e000000, 0x000000074e200000|  0%| F|  |TAMS 0x000000074e000000| PB 0x000000074e000000| Untracked 
| 625|0x000000074e200000, 0x000000074e200000, 0x000000074e400000|  0%| F|  |TAMS 0x000000074e200000| PB 0x000000074e200000| Untracked 
| 626|0x000000074e400000, 0x000000074e400000, 0x000000074e600000|  0%| F|  |TAMS 0x000000074e400000| PB 0x000000074e400000| Untracked 
| 627|0x000000074e600000, 0x000000074e600000, 0x000000074e800000|  0%| F|  |TAMS 0x000000074e600000| PB 0x000000074e600000| Untracked 
| 628|0x000000074e800000, 0x000000074e800000, 0x000000074ea00000|  0%| F|  |TAMS 0x000000074e800000| PB 0x000000074e800000| Untracked 
| 629|0x000000074ea00000, 0x000000074ea00000, 0x000000074ec00000|  0%| F|  |TAMS 0x000000074ea00000| PB 0x000000074ea00000| Untracked 
| 630|0x000000074ec00000, 0x000000074ec00000, 0x000000074ee00000|  0%| F|  |TAMS 0x000000074ec00000| PB 0x000000074ec00000| Untracked 
| 631|0x000000074ee00000, 0x000000074ee00000, 0x000000074f000000|  0%| F|  |TAMS 0x000000074ee00000| PB 0x000000074ee00000| Untracked 
| 632|0x000000074f000000, 0x000000074f000000, 0x000000074f200000|  0%| F|  |TAMS 0x000000074f000000| PB 0x000000074f000000| Untracked 
| 633|0x000000074f200000, 0x000000074f200000, 0x000000074f400000|  0%| F|  |TAMS 0x000000074f200000| PB 0x000000074f200000| Untracked 
| 634|0x000000074f400000, 0x000000074f400000, 0x000000074f600000|  0%| F|  |TAMS 0x000000074f400000| PB 0x000000074f400000| Untracked 
| 635|0x000000074f600000, 0x000000074f600000, 0x000000074f800000|  0%| F|  |TAMS 0x000000074f600000| PB 0x000000074f600000| Untracked 
| 636|0x000000074f800000, 0x000000074f800000, 0x000000074fa00000|  0%| F|  |TAMS 0x000000074f800000| PB 0x000000074f800000| Untracked 
| 637|0x000000074fa00000, 0x000000074fa00000, 0x000000074fc00000|  0%| F|  |TAMS 0x000000074fa00000| PB 0x000000074fa00000| Untracked 
| 638|0x000000074fc00000, 0x000000074fc00000, 0x000000074fe00000|  0%| F|  |TAMS 0x000000074fc00000| PB 0x000000074fc00000| Untracked 
| 639|0x000000074fe00000, 0x000000074fe00000, 0x0000000750000000|  0%| F|  |TAMS 0x000000074fe00000| PB 0x000000074fe00000| Untracked 
| 640|0x0000000750000000, 0x0000000750000000, 0x0000000750200000|  0%| F|  |TAMS 0x0000000750000000| PB 0x0000000750000000| Untracked 
| 641|0x0000000750200000, 0x0000000750200000, 0x0000000750400000|  0%| F|  |TAMS 0x0000000750200000| PB 0x0000000750200000| Untracked 
| 642|0x0000000750400000, 0x0000000750400000, 0x0000000750600000|  0%| F|  |TAMS 0x0000000750400000| PB 0x0000000750400000| Untracked 
| 643|0x0000000750600000, 0x0000000750600000, 0x0000000750800000|  0%| F|  |TAMS 0x0000000750600000| PB 0x0000000750600000| Untracked 
| 644|0x0000000750800000, 0x0000000750800000, 0x0000000750a00000|  0%| F|  |TAMS 0x0000000750800000| PB 0x0000000750800000| Untracked 
| 645|0x0000000750a00000, 0x0000000750a00000, 0x0000000750c00000|  0%| F|  |TAMS 0x0000000750a00000| PB 0x0000000750a00000| Untracked 
| 646|0x0000000750c00000, 0x0000000750c00000, 0x0000000750e00000|  0%| F|  |TAMS 0x0000000750c00000| PB 0x0000000750c00000| Untracked 
| 647|0x0000000750e00000, 0x0000000750e00000, 0x0000000751000000|  0%| F|  |TAMS 0x0000000750e00000| PB 0x0000000750e00000| Untracked 
| 648|0x0000000751000000, 0x0000000751000000, 0x0000000751200000|  0%| F|  |TAMS 0x0000000751000000| PB 0x0000000751000000| Untracked 
| 649|0x0000000751200000, 0x0000000751200000, 0x0000000751400000|  0%| F|  |TAMS 0x0000000751200000| PB 0x0000000751200000| Untracked 
| 650|0x0000000751400000, 0x0000000751400000, 0x0000000751600000|  0%| F|  |TAMS 0x0000000751400000| PB 0x0000000751400000| Untracked 
| 651|0x0000000751600000, 0x0000000751600000, 0x0000000751800000|  0%| F|  |TAMS 0x0000000751600000| PB 0x0000000751600000| Untracked 
| 652|0x0000000751800000, 0x0000000751800000, 0x0000000751a00000|  0%| F|  |TAMS 0x0000000751800000| PB 0x0000000751800000| Untracked 
| 653|0x0000000751a00000, 0x0000000751a00000, 0x0000000751c00000|  0%| F|  |TAMS 0x0000000751a00000| PB 0x0000000751a00000| Untracked 
| 654|0x0000000751c00000, 0x0000000751c00000, 0x0000000751e00000|  0%| F|  |TAMS 0x0000000751c00000| PB 0x0000000751c00000| Untracked 
| 655|0x0000000751e00000, 0x0000000751e00000, 0x0000000752000000|  0%| F|  |TAMS 0x0000000751e00000| PB 0x0000000751e00000| Untracked 
| 656|0x0000000752000000, 0x0000000752000000, 0x0000000752200000|  0%| F|  |TAMS 0x0000000752000000| PB 0x0000000752000000| Untracked 
| 657|0x0000000752200000, 0x0000000752200000, 0x0000000752400000|  0%| F|  |TAMS 0x0000000752200000| PB 0x0000000752200000| Untracked 
| 658|0x0000000752400000, 0x0000000752400000, 0x0000000752600000|  0%| F|  |TAMS 0x0000000752400000| PB 0x0000000752400000| Untracked 
| 659|0x0000000752600000, 0x0000000752600000, 0x0000000752800000|  0%| F|  |TAMS 0x0000000752600000| PB 0x0000000752600000| Untracked 
| 660|0x0000000752800000, 0x0000000752800000, 0x0000000752a00000|  0%| F|  |TAMS 0x0000000752800000| PB 0x0000000752800000| Untracked 
| 661|0x0000000752a00000, 0x0000000752a00000, 0x0000000752c00000|  0%| F|  |TAMS 0x0000000752a00000| PB 0x0000000752a00000| Untracked 
| 662|0x0000000752c00000, 0x0000000752c00000, 0x0000000752e00000|  0%| F|  |TAMS 0x0000000752c00000| PB 0x0000000752c00000| Untracked 
| 663|0x0000000752e00000, 0x0000000752e00000, 0x0000000753000000|  0%| F|  |TAMS 0x0000000752e00000| PB 0x0000000752e00000| Untracked 
| 664|0x0000000753000000, 0x0000000753000000, 0x0000000753200000|  0%| F|  |TAMS 0x0000000753000000| PB 0x0000000753000000| Untracked 
| 665|0x0000000753200000, 0x0000000753200000, 0x0000000753400000|  0%| F|  |TAMS 0x0000000753200000| PB 0x0000000753200000| Untracked 
| 666|0x0000000753400000, 0x0000000753400000, 0x0000000753600000|  0%| F|  |TAMS 0x0000000753400000| PB 0x0000000753400000| Untracked 
| 667|0x0000000753600000, 0x0000000753600000, 0x0000000753800000|  0%| F|  |TAMS 0x0000000753600000| PB 0x0000000753600000| Untracked 
| 668|0x0000000753800000, 0x0000000753800000, 0x0000000753a00000|  0%| F|  |TAMS 0x0000000753800000| PB 0x0000000753800000| Untracked 
| 669|0x0000000753a00000, 0x0000000753a00000, 0x0000000753c00000|  0%| F|  |TAMS 0x0000000753a00000| PB 0x0000000753a00000| Untracked 
| 670|0x0000000753c00000, 0x0000000753c00000, 0x0000000753e00000|  0%| F|  |TAMS 0x0000000753c00000| PB 0x0000000753c00000| Untracked 
| 671|0x0000000753e00000, 0x0000000753e00000, 0x0000000754000000|  0%| F|  |TAMS 0x0000000753e00000| PB 0x0000000753e00000| Untracked 
| 672|0x0000000754000000, 0x0000000754000000, 0x0000000754200000|  0%| F|  |TAMS 0x0000000754000000| PB 0x0000000754000000| Untracked 
| 673|0x0000000754200000, 0x0000000754200000, 0x0000000754400000|  0%| F|  |TAMS 0x0000000754200000| PB 0x0000000754200000| Untracked 
| 674|0x0000000754400000, 0x0000000754400000, 0x0000000754600000|  0%| F|  |TAMS 0x0000000754400000| PB 0x0000000754400000| Untracked 
| 675|0x0000000754600000, 0x0000000754600000, 0x0000000754800000|  0%| F|  |TAMS 0x0000000754600000| PB 0x0000000754600000| Untracked 
| 676|0x0000000754800000, 0x0000000754800000, 0x0000000754a00000|  0%| F|  |TAMS 0x0000000754800000| PB 0x0000000754800000| Untracked 
| 677|0x0000000754a00000, 0x0000000754a00000, 0x0000000754c00000|  0%| F|  |TAMS 0x0000000754a00000| PB 0x0000000754a00000| Untracked 
| 678|0x0000000754c00000, 0x0000000754c00000, 0x0000000754e00000|  0%| F|  |TAMS 0x0000000754c00000| PB 0x0000000754c00000| Untracked 
| 679|0x0000000754e00000, 0x0000000754e00000, 0x0000000755000000|  0%| F|  |TAMS 0x0000000754e00000| PB 0x0000000754e00000| Untracked 
| 680|0x0000000755000000, 0x0000000755000000, 0x0000000755200000|  0%| F|  |TAMS 0x0000000755000000| PB 0x0000000755000000| Untracked 
| 681|0x0000000755200000, 0x0000000755200000, 0x0000000755400000|  0%| F|  |TAMS 0x0000000755200000| PB 0x0000000755200000| Untracked 
| 682|0x0000000755400000, 0x0000000755400000, 0x0000000755600000|  0%| F|  |TAMS 0x0000000755400000| PB 0x0000000755400000| Untracked 
| 683|0x0000000755600000, 0x0000000755600000, 0x0000000755800000|  0%| F|  |TAMS 0x0000000755600000| PB 0x0000000755600000| Untracked 
| 684|0x0000000755800000, 0x0000000755800000, 0x0000000755a00000|  0%| F|  |TAMS 0x0000000755800000| PB 0x0000000755800000| Untracked 
| 685|0x0000000755a00000, 0x0000000755a00000, 0x0000000755c00000|  0%| F|  |TAMS 0x0000000755a00000| PB 0x0000000755a00000| Untracked 
| 686|0x0000000755c00000, 0x0000000755c00000, 0x0000000755e00000|  0%| F|  |TAMS 0x0000000755c00000| PB 0x0000000755c00000| Untracked 
| 687|0x0000000755e00000, 0x0000000755e00000, 0x0000000756000000|  0%| F|  |TAMS 0x0000000755e00000| PB 0x0000000755e00000| Untracked 
| 688|0x0000000756000000, 0x0000000756000000, 0x0000000756200000|  0%| F|  |TAMS 0x0000000756000000| PB 0x0000000756000000| Untracked 
| 689|0x0000000756200000, 0x0000000756200000, 0x0000000756400000|  0%| F|  |TAMS 0x0000000756200000| PB 0x0000000756200000| Untracked 
| 690|0x0000000756400000, 0x0000000756400000, 0x0000000756600000|  0%| F|  |TAMS 0x0000000756400000| PB 0x0000000756400000| Untracked 
| 691|0x0000000756600000, 0x0000000756600000, 0x0000000756800000|  0%| F|  |TAMS 0x0000000756600000| PB 0x0000000756600000| Untracked 
| 692|0x0000000756800000, 0x0000000756800000, 0x0000000756a00000|  0%| F|  |TAMS 0x0000000756800000| PB 0x0000000756800000| Untracked 
| 693|0x0000000756a00000, 0x0000000756a00000, 0x0000000756c00000|  0%| F|  |TAMS 0x0000000756a00000| PB 0x0000000756a00000| Untracked 
| 694|0x0000000756c00000, 0x0000000756c00000, 0x0000000756e00000|  0%| F|  |TAMS 0x0000000756c00000| PB 0x0000000756c00000| Untracked 
| 695|0x0000000756e00000, 0x0000000756e00000, 0x0000000757000000|  0%| F|  |TAMS 0x0000000756e00000| PB 0x0000000756e00000| Untracked 
| 696|0x0000000757000000, 0x0000000757000000, 0x0000000757200000|  0%| F|  |TAMS 0x0000000757000000| PB 0x0000000757000000| Untracked 
| 697|0x0000000757200000, 0x0000000757200000, 0x0000000757400000|  0%| F|  |TAMS 0x0000000757200000| PB 0x0000000757200000| Untracked 
| 698|0x0000000757400000, 0x0000000757400000, 0x0000000757600000|  0%| F|  |TAMS 0x0000000757400000| PB 0x0000000757400000| Untracked 
| 699|0x0000000757600000, 0x0000000757600000, 0x0000000757800000|  0%| F|  |TAMS 0x0000000757600000| PB 0x0000000757600000| Untracked 
| 700|0x0000000757800000, 0x0000000757800000, 0x0000000757a00000|  0%| F|  |TAMS 0x0000000757800000| PB 0x0000000757800000| Untracked 
| 701|0x0000000757a00000, 0x0000000757a00000, 0x0000000757c00000|  0%| F|  |TAMS 0x0000000757a00000| PB 0x0000000757a00000| Untracked 
| 702|0x0000000757c00000, 0x0000000757c00000, 0x0000000757e00000|  0%| F|  |TAMS 0x0000000757c00000| PB 0x0000000757c00000| Untracked 
| 703|0x0000000757e00000, 0x0000000757e00000, 0x0000000758000000|  0%| F|  |TAMS 0x0000000757e00000| PB 0x0000000757e00000| Untracked 
| 704|0x0000000758000000, 0x0000000758000000, 0x0000000758200000|  0%| F|  |TAMS 0x0000000758000000| PB 0x0000000758000000| Untracked 
| 705|0x0000000758200000, 0x0000000758200000, 0x0000000758400000|  0%| F|  |TAMS 0x0000000758200000| PB 0x0000000758200000| Untracked 
| 706|0x0000000758400000, 0x0000000758400000, 0x0000000758600000|  0%| F|  |TAMS 0x0000000758400000| PB 0x0000000758400000| Untracked 
| 707|0x0000000758600000, 0x0000000758600000, 0x0000000758800000|  0%| F|  |TAMS 0x0000000758600000| PB 0x0000000758600000| Untracked 
| 708|0x0000000758800000, 0x0000000758800000, 0x0000000758a00000|  0%| F|  |TAMS 0x0000000758800000| PB 0x0000000758800000| Untracked 
| 709|0x0000000758a00000, 0x0000000758a00000, 0x0000000758c00000|  0%| F|  |TAMS 0x0000000758a00000| PB 0x0000000758a00000| Untracked 
| 710|0x0000000758c00000, 0x0000000758c00000, 0x0000000758e00000|  0%| F|  |TAMS 0x0000000758c00000| PB 0x0000000758c00000| Untracked 
| 711|0x0000000758e00000, 0x0000000758e00000, 0x0000000759000000|  0%| F|  |TAMS 0x0000000758e00000| PB 0x0000000758e00000| Untracked 
| 712|0x0000000759000000, 0x0000000759000000, 0x0000000759200000|  0%| F|  |TAMS 0x0000000759000000| PB 0x0000000759000000| Untracked 
| 713|0x0000000759200000, 0x0000000759200000, 0x0000000759400000|  0%| F|  |TAMS 0x0000000759200000| PB 0x0000000759200000| Untracked 
| 714|0x0000000759400000, 0x0000000759400000, 0x0000000759600000|  0%| F|  |TAMS 0x0000000759400000| PB 0x0000000759400000| Untracked 
| 715|0x0000000759600000, 0x0000000759600000, 0x0000000759800000|  0%| F|  |TAMS 0x0000000759600000| PB 0x0000000759600000| Untracked 
| 716|0x0000000759800000, 0x0000000759800000, 0x0000000759a00000|  0%| F|  |TAMS 0x0000000759800000| PB 0x0000000759800000| Untracked 
| 717|0x0000000759a00000, 0x0000000759a00000, 0x0000000759c00000|  0%| F|  |TAMS 0x0000000759a00000| PB 0x0000000759a00000| Untracked 
| 718|0x0000000759c00000, 0x0000000759c00000, 0x0000000759e00000|  0%| F|  |TAMS 0x0000000759c00000| PB 0x0000000759c00000| Untracked 
| 719|0x0000000759e00000, 0x0000000759e00000, 0x000000075a000000|  0%| F|  |TAMS 0x0000000759e00000| PB 0x0000000759e00000| Untracked 
| 720|0x000000075a000000, 0x000000075a000000, 0x000000075a200000|  0%| F|  |TAMS 0x000000075a000000| PB 0x000000075a000000| Untracked 
| 721|0x000000075a200000, 0x000000075a200000, 0x000000075a400000|  0%| F|  |TAMS 0x000000075a200000| PB 0x000000075a200000| Untracked 
| 722|0x000000075a400000, 0x000000075a400000, 0x000000075a600000|  0%| F|  |TAMS 0x000000075a400000| PB 0x000000075a400000| Untracked 
| 723|0x000000075a600000, 0x000000075a600000, 0x000000075a800000|  0%| F|  |TAMS 0x000000075a600000| PB 0x000000075a600000| Untracked 
| 724|0x000000075a800000, 0x000000075a800000, 0x000000075aa00000|  0%| F|  |TAMS 0x000000075a800000| PB 0x000000075a800000| Untracked 
| 725|0x000000075aa00000, 0x000000075aa00000, 0x000000075ac00000|  0%| F|  |TAMS 0x000000075aa00000| PB 0x000000075aa00000| Untracked 
| 726|0x000000075ac00000, 0x000000075ac00000, 0x000000075ae00000|  0%| F|  |TAMS 0x000000075ac00000| PB 0x000000075ac00000| Untracked 
| 727|0x000000075ae00000, 0x000000075ae00000, 0x000000075b000000|  0%| F|  |TAMS 0x000000075ae00000| PB 0x000000075ae00000| Untracked 
| 728|0x000000075b000000, 0x000000075b000000, 0x000000075b200000|  0%| F|  |TAMS 0x000000075b000000| PB 0x000000075b000000| Untracked 
| 729|0x000000075b200000, 0x000000075b200000, 0x000000075b400000|  0%| F|  |TAMS 0x000000075b200000| PB 0x000000075b200000| Untracked 
| 730|0x000000075b400000, 0x000000075b400000, 0x000000075b600000|  0%| F|  |TAMS 0x000000075b400000| PB 0x000000075b400000| Untracked 
| 731|0x000000075b600000, 0x000000075b600000, 0x000000075b800000|  0%| F|  |TAMS 0x000000075b600000| PB 0x000000075b600000| Untracked 
| 732|0x000000075b800000, 0x000000075b800000, 0x000000075ba00000|  0%| F|  |TAMS 0x000000075b800000| PB 0x000000075b800000| Untracked 
| 733|0x000000075ba00000, 0x000000075ba00000, 0x000000075bc00000|  0%| F|  |TAMS 0x000000075ba00000| PB 0x000000075ba00000| Untracked 
| 734|0x000000075bc00000, 0x000000075bc00000, 0x000000075be00000|  0%| F|  |TAMS 0x000000075bc00000| PB 0x000000075bc00000| Untracked 
| 735|0x000000075be00000, 0x000000075be00000, 0x000000075c000000|  0%| F|  |TAMS 0x000000075be00000| PB 0x000000075be00000| Untracked 
| 736|0x000000075c000000, 0x000000075c000000, 0x000000075c200000|  0%| F|  |TAMS 0x000000075c000000| PB 0x000000075c000000| Untracked 
| 737|0x000000075c200000, 0x000000075c200000, 0x000000075c400000|  0%| F|  |TAMS 0x000000075c200000| PB 0x000000075c200000| Untracked 
| 738|0x000000075c400000, 0x000000075c400000, 0x000000075c600000|  0%| F|  |TAMS 0x000000075c400000| PB 0x000000075c400000| Untracked 
| 739|0x000000075c600000, 0x000000075c600000, 0x000000075c800000|  0%| F|  |TAMS 0x000000075c600000| PB 0x000000075c600000| Untracked 
| 740|0x000000075c800000, 0x000000075c800000, 0x000000075ca00000|  0%| F|  |TAMS 0x000000075c800000| PB 0x000000075c800000| Untracked 
| 741|0x000000075ca00000, 0x000000075ca00000, 0x000000075cc00000|  0%| F|  |TAMS 0x000000075ca00000| PB 0x000000075ca00000| Untracked 
| 742|0x000000075cc00000, 0x000000075cc00000, 0x000000075ce00000|  0%| F|  |TAMS 0x000000075cc00000| PB 0x000000075cc00000| Untracked 
| 743|0x000000075ce00000, 0x000000075ce00000, 0x000000075d000000|  0%| F|  |TAMS 0x000000075ce00000| PB 0x000000075ce00000| Untracked 
| 744|0x000000075d000000, 0x000000075d000000, 0x000000075d200000|  0%| F|  |TAMS 0x000000075d000000| PB 0x000000075d000000| Untracked 
| 745|0x000000075d200000, 0x000000075d200000, 0x000000075d400000|  0%| F|  |TAMS 0x000000075d200000| PB 0x000000075d200000| Untracked 
| 746|0x000000075d400000, 0x000000075d400000, 0x000000075d600000|  0%| F|  |TAMS 0x000000075d400000| PB 0x000000075d400000| Untracked 
| 747|0x000000075d600000, 0x000000075d600000, 0x000000075d800000|  0%| F|  |TAMS 0x000000075d600000| PB 0x000000075d600000| Untracked 
| 748|0x000000075d800000, 0x000000075d800000, 0x000000075da00000|  0%| F|  |TAMS 0x000000075d800000| PB 0x000000075d800000| Untracked 
| 749|0x000000075da00000, 0x000000075da00000, 0x000000075dc00000|  0%| F|  |TAMS 0x000000075da00000| PB 0x000000075da00000| Untracked 
| 750|0x000000075dc00000, 0x000000075dc00000, 0x000000075de00000|  0%| F|  |TAMS 0x000000075dc00000| PB 0x000000075dc00000| Untracked 
| 751|0x000000075de00000, 0x000000075de00000, 0x000000075e000000|  0%| F|  |TAMS 0x000000075de00000| PB 0x000000075de00000| Untracked 
| 752|0x000000075e000000, 0x000000075e000000, 0x000000075e200000|  0%| F|  |TAMS 0x000000075e000000| PB 0x000000075e000000| Untracked 
| 753|0x000000075e200000, 0x000000075e200000, 0x000000075e400000|  0%| F|  |TAMS 0x000000075e200000| PB 0x000000075e200000| Untracked 
| 754|0x000000075e400000, 0x000000075e400000, 0x000000075e600000|  0%| F|  |TAMS 0x000000075e400000| PB 0x000000075e400000| Untracked 
| 755|0x000000075e600000, 0x000000075e600000, 0x000000075e800000|  0%| F|  |TAMS 0x000000075e600000| PB 0x000000075e600000| Untracked 
| 756|0x000000075e800000, 0x000000075e800000, 0x000000075ea00000|  0%| F|  |TAMS 0x000000075e800000| PB 0x000000075e800000| Untracked 
| 757|0x000000075ea00000, 0x000000075ea00000, 0x000000075ec00000|  0%| F|  |TAMS 0x000000075ea00000| PB 0x000000075ea00000| Untracked 
| 758|0x000000075ec00000, 0x000000075ec00000, 0x000000075ee00000|  0%| F|  |TAMS 0x000000075ec00000| PB 0x000000075ec00000| Untracked 
| 759|0x000000075ee00000, 0x000000075ee00000, 0x000000075f000000|  0%| F|  |TAMS 0x000000075ee00000| PB 0x000000075ee00000| Untracked 
| 760|0x000000075f000000, 0x000000075f000000, 0x000000075f200000|  0%| F|  |TAMS 0x000000075f000000| PB 0x000000075f000000| Untracked 
| 761|0x000000075f200000, 0x000000075f200000, 0x000000075f400000|  0%| F|  |TAMS 0x000000075f200000| PB 0x000000075f200000| Untracked 
| 762|0x000000075f400000, 0x000000075f400000, 0x000000075f600000|  0%| F|  |TAMS 0x000000075f400000| PB 0x000000075f400000| Untracked 
| 763|0x000000075f600000, 0x000000075f600000, 0x000000075f800000|  0%| F|  |TAMS 0x000000075f600000| PB 0x000000075f600000| Untracked 
| 764|0x000000075f800000, 0x000000075f800000, 0x000000075fa00000|  0%| F|  |TAMS 0x000000075f800000| PB 0x000000075f800000| Untracked 
| 765|0x000000075fa00000, 0x000000075fa00000, 0x000000075fc00000|  0%| F|  |TAMS 0x000000075fa00000| PB 0x000000075fa00000| Untracked 
| 766|0x000000075fc00000, 0x000000075fc00000, 0x000000075fe00000|  0%| F|  |TAMS 0x000000075fc00000| PB 0x000000075fc00000| Untracked 
| 767|0x000000075fe00000, 0x000000075fe00000, 0x0000000760000000|  0%| F|  |TAMS 0x000000075fe00000| PB 0x000000075fe00000| Untracked 
| 768|0x0000000760000000, 0x0000000760000000, 0x0000000760200000|  0%| F|  |TAMS 0x0000000760000000| PB 0x0000000760000000| Untracked 
| 769|0x0000000760200000, 0x0000000760200000, 0x0000000760400000|  0%| F|  |TAMS 0x0000000760200000| PB 0x0000000760200000| Untracked 
| 770|0x0000000760400000, 0x0000000760400000, 0x0000000760600000|  0%| F|  |TAMS 0x0000000760400000| PB 0x0000000760400000| Untracked 
| 771|0x0000000760600000, 0x0000000760600000, 0x0000000760800000|  0%| F|  |TAMS 0x0000000760600000| PB 0x0000000760600000| Untracked 
| 772|0x0000000760800000, 0x0000000760800000, 0x0000000760a00000|  0%| F|  |TAMS 0x0000000760800000| PB 0x0000000760800000| Untracked 
| 773|0x0000000760a00000, 0x0000000760a00000, 0x0000000760c00000|  0%| F|  |TAMS 0x0000000760a00000| PB 0x0000000760a00000| Untracked 
| 774|0x0000000760c00000, 0x0000000760c00000, 0x0000000760e00000|  0%| F|  |TAMS 0x0000000760c00000| PB 0x0000000760c00000| Untracked 
| 775|0x0000000760e00000, 0x0000000760e00000, 0x0000000761000000|  0%| F|  |TAMS 0x0000000760e00000| PB 0x0000000760e00000| Untracked 
| 776|0x0000000761000000, 0x0000000761000000, 0x0000000761200000|  0%| F|  |TAMS 0x0000000761000000| PB 0x0000000761000000| Untracked 
| 777|0x0000000761200000, 0x0000000761200000, 0x0000000761400000|  0%| F|  |TAMS 0x0000000761200000| PB 0x0000000761200000| Untracked 
| 778|0x0000000761400000, 0x0000000761400000, 0x0000000761600000|  0%| F|  |TAMS 0x0000000761400000| PB 0x0000000761400000| Untracked 
| 779|0x0000000761600000, 0x0000000761600000, 0x0000000761800000|  0%| F|  |TAMS 0x0000000761600000| PB 0x0000000761600000| Untracked 
| 780|0x0000000761800000, 0x0000000761800000, 0x0000000761a00000|  0%| F|  |TAMS 0x0000000761800000| PB 0x0000000761800000| Untracked 
| 781|0x0000000761a00000, 0x0000000761a00000, 0x0000000761c00000|  0%| F|  |TAMS 0x0000000761a00000| PB 0x0000000761a00000| Untracked 
| 782|0x0000000761c00000, 0x0000000761c00000, 0x0000000761e00000|  0%| F|  |TAMS 0x0000000761c00000| PB 0x0000000761c00000| Untracked 
| 783|0x0000000761e00000, 0x0000000761e00000, 0x0000000762000000|  0%| F|  |TAMS 0x0000000761e00000| PB 0x0000000761e00000| Untracked 
| 784|0x0000000762000000, 0x0000000762000000, 0x0000000762200000|  0%| F|  |TAMS 0x0000000762000000| PB 0x0000000762000000| Untracked 
| 785|0x0000000762200000, 0x0000000762200000, 0x0000000762400000|  0%| F|  |TAMS 0x0000000762200000| PB 0x0000000762200000| Untracked 
| 786|0x0000000762400000, 0x0000000762400000, 0x0000000762600000|  0%| F|  |TAMS 0x0000000762400000| PB 0x0000000762400000| Untracked 
| 787|0x0000000762600000, 0x0000000762600000, 0x0000000762800000|  0%| F|  |TAMS 0x0000000762600000| PB 0x0000000762600000| Untracked 
| 788|0x0000000762800000, 0x0000000762800000, 0x0000000762a00000|  0%| F|  |TAMS 0x0000000762800000| PB 0x0000000762800000| Untracked 
| 789|0x0000000762a00000, 0x0000000762a00000, 0x0000000762c00000|  0%| F|  |TAMS 0x0000000762a00000| PB 0x0000000762a00000| Untracked 
| 790|0x0000000762c00000, 0x0000000762c00000, 0x0000000762e00000|  0%| F|  |TAMS 0x0000000762c00000| PB 0x0000000762c00000| Untracked 
| 791|0x0000000762e00000, 0x0000000762e6c3c0, 0x0000000763000000| 21%| E|  |TAMS 0x0000000762e00000| PB 0x0000000762e00000| Complete 
| 792|0x0000000763000000, 0x0000000763200000, 0x0000000763200000|100%| E|CS|TAMS 0x0000000763000000| PB 0x0000000763000000| Complete 
| 793|0x0000000763200000, 0x0000000763400000, 0x0000000763400000|100%| E|CS|TAMS 0x0000000763200000| PB 0x0000000763200000| Complete 
| 794|0x0000000763400000, 0x0000000763600000, 0x0000000763600000|100%| E|CS|TAMS 0x0000000763400000| PB 0x0000000763400000| Complete 
| 795|0x0000000763600000, 0x0000000763800000, 0x0000000763800000|100%| E|CS|TAMS 0x0000000763600000| PB 0x0000000763600000| Complete 
| 796|0x0000000763800000, 0x0000000763a00000, 0x0000000763a00000|100%| E|CS|TAMS 0x0000000763800000| PB 0x0000000763800000| Complete 
| 797|0x0000000763a00000, 0x0000000763c00000, 0x0000000763c00000|100%| E|CS|TAMS 0x0000000763a00000| PB 0x0000000763a00000| Complete 
| 798|0x0000000763c00000, 0x0000000763e00000, 0x0000000763e00000|100%| E|CS|TAMS 0x0000000763c00000| PB 0x0000000763c00000| Complete 
| 799|0x0000000763e00000, 0x0000000764000000, 0x0000000764000000|100%| E|CS|TAMS 0x0000000763e00000| PB 0x0000000763e00000| Complete 
| 800|0x0000000764000000, 0x0000000764200000, 0x0000000764200000|100%| E|CS|TAMS 0x0000000764000000| PB 0x0000000764000000| Complete 
| 801|0x0000000764200000, 0x0000000764400000, 0x0000000764400000|100%| E|CS|TAMS 0x0000000764200000| PB 0x0000000764200000| Complete 
| 802|0x0000000764400000, 0x0000000764600000, 0x0000000764600000|100%| E|CS|TAMS 0x0000000764400000| PB 0x0000000764400000| Complete 
| 803|0x0000000764600000, 0x0000000764800000, 0x0000000764800000|100%| E|CS|TAMS 0x0000000764600000| PB 0x0000000764600000| Complete 
| 804|0x0000000764800000, 0x0000000764a00000, 0x0000000764a00000|100%| E|CS|TAMS 0x0000000764800000| PB 0x0000000764800000| Complete 
| 805|0x0000000764a00000, 0x0000000764c00000, 0x0000000764c00000|100%| E|CS|TAMS 0x0000000764a00000| PB 0x0000000764a00000| Complete 
| 806|0x0000000764c00000, 0x0000000764e00000, 0x0000000764e00000|100%| E|CS|TAMS 0x0000000764c00000| PB 0x0000000764c00000| Complete 
| 807|0x0000000764e00000, 0x0000000765000000, 0x0000000765000000|100%| E|CS|TAMS 0x0000000764e00000| PB 0x0000000764e00000| Complete 
| 808|0x0000000765000000, 0x0000000765200000, 0x0000000765200000|100%| E|CS|TAMS 0x0000000765000000| PB 0x0000000765000000| Complete 
| 809|0x0000000765200000, 0x0000000765400000, 0x0000000765400000|100%| E|CS|TAMS 0x0000000765200000| PB 0x0000000765200000| Complete 
| 810|0x0000000765400000, 0x0000000765600000, 0x0000000765600000|100%| E|CS|TAMS 0x0000000765400000| PB 0x0000000765400000| Complete 
| 811|0x0000000765600000, 0x0000000765800000, 0x0000000765800000|100%| E|CS|TAMS 0x0000000765600000| PB 0x0000000765600000| Complete 
| 812|0x0000000765800000, 0x0000000765a00000, 0x0000000765a00000|100%| E|CS|TAMS 0x0000000765800000| PB 0x0000000765800000| Complete 
| 813|0x0000000765a00000, 0x0000000765c00000, 0x0000000765c00000|100%| E|CS|TAMS 0x0000000765a00000| PB 0x0000000765a00000| Complete 
| 814|0x0000000765c00000, 0x0000000765e00000, 0x0000000765e00000|100%| E|CS|TAMS 0x0000000765c00000| PB 0x0000000765c00000| Complete 
| 815|0x0000000765e00000, 0x0000000766000000, 0x0000000766000000|100%| E|CS|TAMS 0x0000000765e00000| PB 0x0000000765e00000| Complete 
| 816|0x0000000766000000, 0x0000000766200000, 0x0000000766200000|100%| E|CS|TAMS 0x0000000766000000| PB 0x0000000766000000| Complete 
| 817|0x0000000766200000, 0x0000000766400000, 0x0000000766400000|100%| E|CS|TAMS 0x0000000766200000| PB 0x0000000766200000| Complete 
| 818|0x0000000766400000, 0x0000000766600000, 0x0000000766600000|100%| E|CS|TAMS 0x0000000766400000| PB 0x0000000766400000| Complete 
| 819|0x0000000766600000, 0x0000000766800000, 0x0000000766800000|100%| E|CS|TAMS 0x0000000766600000| PB 0x0000000766600000| Complete 
| 820|0x0000000766800000, 0x0000000766a00000, 0x0000000766a00000|100%| E|CS|TAMS 0x0000000766800000| PB 0x0000000766800000| Complete 
| 821|0x0000000766a00000, 0x0000000766c00000, 0x0000000766c00000|100%| E|CS|TAMS 0x0000000766a00000| PB 0x0000000766a00000| Complete 
| 822|0x0000000766c00000, 0x0000000766e00000, 0x0000000766e00000|100%| E|CS|TAMS 0x0000000766c00000| PB 0x0000000766c00000| Complete 
| 823|0x0000000766e00000, 0x0000000767000000, 0x0000000767000000|100%| E|CS|TAMS 0x0000000766e00000| PB 0x0000000766e00000| Complete 
| 824|0x0000000767000000, 0x0000000767200000, 0x0000000767200000|100%| E|CS|TAMS 0x0000000767000000| PB 0x0000000767000000| Complete 
| 825|0x0000000767200000, 0x0000000767400000, 0x0000000767400000|100%| E|CS|TAMS 0x0000000767200000| PB 0x0000000767200000| Complete 
| 826|0x0000000767400000, 0x0000000767600000, 0x0000000767600000|100%| E|CS|TAMS 0x0000000767400000| PB 0x0000000767400000| Complete 
| 827|0x0000000767600000, 0x0000000767800000, 0x0000000767800000|100%| E|CS|TAMS 0x0000000767600000| PB 0x0000000767600000| Complete 
| 828|0x0000000767800000, 0x0000000767a00000, 0x0000000767a00000|100%| E|CS|TAMS 0x0000000767800000| PB 0x0000000767800000| Complete 
| 829|0x0000000767a00000, 0x0000000767c00000, 0x0000000767c00000|100%| E|CS|TAMS 0x0000000767a00000| PB 0x0000000767a00000| Complete 
| 830|0x0000000767c00000, 0x0000000767e00000, 0x0000000767e00000|100%| E|CS|TAMS 0x0000000767c00000| PB 0x0000000767c00000| Complete 
| 831|0x0000000767e00000, 0x0000000768000000, 0x0000000768000000|100%| E|CS|TAMS 0x0000000767e00000| PB 0x0000000767e00000| Complete 
| 832|0x0000000768000000, 0x0000000768200000, 0x0000000768200000|100%| E|CS|TAMS 0x0000000768000000| PB 0x0000000768000000| Complete 
| 833|0x0000000768200000, 0x0000000768400000, 0x0000000768400000|100%| E|CS|TAMS 0x0000000768200000| PB 0x0000000768200000| Complete 
| 834|0x0000000768400000, 0x0000000768600000, 0x0000000768600000|100%| E|CS|TAMS 0x0000000768400000| PB 0x0000000768400000| Complete 
| 835|0x0000000768600000, 0x0000000768800000, 0x0000000768800000|100%| E|CS|TAMS 0x0000000768600000| PB 0x0000000768600000| Complete 
| 836|0x0000000768800000, 0x0000000768a00000, 0x0000000768a00000|100%| E|CS|TAMS 0x0000000768800000| PB 0x0000000768800000| Complete 
| 837|0x0000000768a00000, 0x0000000768c00000, 0x0000000768c00000|100%| E|CS|TAMS 0x0000000768a00000| PB 0x0000000768a00000| Complete 
| 838|0x0000000768c00000, 0x0000000768e00000, 0x0000000768e00000|100%| E|CS|TAMS 0x0000000768c00000| PB 0x0000000768c00000| Complete 
| 839|0x0000000768e00000, 0x0000000769000000, 0x0000000769000000|100%| E|CS|TAMS 0x0000000768e00000| PB 0x0000000768e00000| Complete 
| 840|0x0000000769000000, 0x0000000769200000, 0x0000000769200000|100%| E|CS|TAMS 0x0000000769000000| PB 0x0000000769000000| Complete 
| 841|0x0000000769200000, 0x0000000769400000, 0x0000000769400000|100%| E|CS|TAMS 0x0000000769200000| PB 0x0000000769200000| Complete 
| 842|0x0000000769400000, 0x0000000769600000, 0x0000000769600000|100%| E|CS|TAMS 0x0000000769400000| PB 0x0000000769400000| Complete 
| 843|0x0000000769600000, 0x0000000769800000, 0x0000000769800000|100%| E|CS|TAMS 0x0000000769600000| PB 0x0000000769600000| Complete 
| 844|0x0000000769800000, 0x0000000769a00000, 0x0000000769a00000|100%| E|CS|TAMS 0x0000000769800000| PB 0x0000000769800000| Complete 
| 845|0x0000000769a00000, 0x0000000769c00000, 0x0000000769c00000|100%| E|CS|TAMS 0x0000000769a00000| PB 0x0000000769a00000| Complete 
| 846|0x0000000769c00000, 0x0000000769e00000, 0x0000000769e00000|100%| E|CS|TAMS 0x0000000769c00000| PB 0x0000000769c00000| Complete 
| 847|0x0000000769e00000, 0x000000076a000000, 0x000000076a000000|100%| E|CS|TAMS 0x0000000769e00000| PB 0x0000000769e00000| Complete 
| 848|0x000000076a000000, 0x000000076a200000, 0x000000076a200000|100%| E|CS|TAMS 0x000000076a000000| PB 0x000000076a000000| Complete 
| 849|0x000000076a200000, 0x000000076a400000, 0x000000076a400000|100%| E|CS|TAMS 0x000000076a200000| PB 0x000000076a200000| Complete 
| 850|0x000000076a400000, 0x000000076a600000, 0x000000076a600000|100%| E|CS|TAMS 0x000000076a400000| PB 0x000000076a400000| Complete 
| 851|0x000000076a600000, 0x000000076a800000, 0x000000076a800000|100%| E|CS|TAMS 0x000000076a600000| PB 0x000000076a600000| Complete 
| 852|0x000000076a800000, 0x000000076aa00000, 0x000000076aa00000|100%| E|CS|TAMS 0x000000076a800000| PB 0x000000076a800000| Complete 
| 853|0x000000076aa00000, 0x000000076ac00000, 0x000000076ac00000|100%| E|CS|TAMS 0x000000076aa00000| PB 0x000000076aa00000| Complete 
| 854|0x000000076ac00000, 0x000000076ae00000, 0x000000076ae00000|100%| E|CS|TAMS 0x000000076ac00000| PB 0x000000076ac00000| Complete 
| 855|0x000000076ae00000, 0x000000076b000000, 0x000000076b000000|100%| E|CS|TAMS 0x000000076ae00000| PB 0x000000076ae00000| Complete 
| 856|0x000000076b000000, 0x000000076b200000, 0x000000076b200000|100%| E|CS|TAMS 0x000000076b000000| PB 0x000000076b000000| Complete 
| 857|0x000000076b200000, 0x000000076b400000, 0x000000076b400000|100%| E|CS|TAMS 0x000000076b200000| PB 0x000000076b200000| Complete 
| 858|0x000000076b400000, 0x000000076b600000, 0x000000076b600000|100%| E|CS|TAMS 0x000000076b400000| PB 0x000000076b400000| Complete 
| 859|0x000000076b600000, 0x000000076b800000, 0x000000076b800000|100%| E|CS|TAMS 0x000000076b600000| PB 0x000000076b600000| Complete 
| 860|0x000000076b800000, 0x000000076ba00000, 0x000000076ba00000|100%| E|CS|TAMS 0x000000076b800000| PB 0x000000076b800000| Complete 
| 861|0x000000076ba00000, 0x000000076bc00000, 0x000000076bc00000|100%| E|CS|TAMS 0x000000076ba00000| PB 0x000000076ba00000| Complete 
| 862|0x000000076bc00000, 0x000000076be00000, 0x000000076be00000|100%| E|CS|TAMS 0x000000076bc00000| PB 0x000000076bc00000| Complete 
| 863|0x000000076be00000, 0x000000076c000000, 0x000000076c000000|100%| E|CS|TAMS 0x000000076be00000| PB 0x000000076be00000| Complete 
| 864|0x000000076c000000, 0x000000076c200000, 0x000000076c200000|100%| E|CS|TAMS 0x000000076c000000| PB 0x000000076c000000| Complete 
| 865|0x000000076c200000, 0x000000076c400000, 0x000000076c400000|100%| E|CS|TAMS 0x000000076c200000| PB 0x000000076c200000| Complete 
| 866|0x000000076c400000, 0x000000076c600000, 0x000000076c600000|100%| E|CS|TAMS 0x000000076c400000| PB 0x000000076c400000| Complete 
| 867|0x000000076c600000, 0x000000076c800000, 0x000000076c800000|100%| E|CS|TAMS 0x000000076c600000| PB 0x000000076c600000| Complete 
| 868|0x000000076c800000, 0x000000076ca00000, 0x000000076ca00000|100%| E|CS|TAMS 0x000000076c800000| PB 0x000000076c800000| Complete 
| 869|0x000000076ca00000, 0x000000076cc00000, 0x000000076cc00000|100%| E|CS|TAMS 0x000000076ca00000| PB 0x000000076ca00000| Complete 
| 870|0x000000076cc00000, 0x000000076ce00000, 0x000000076ce00000|100%| E|CS|TAMS 0x000000076cc00000| PB 0x000000076cc00000| Complete 
| 871|0x000000076ce00000, 0x000000076d000000, 0x000000076d000000|100%| E|CS|TAMS 0x000000076ce00000| PB 0x000000076ce00000| Complete 
| 872|0x000000076d000000, 0x000000076d200000, 0x000000076d200000|100%| E|CS|TAMS 0x000000076d000000| PB 0x000000076d000000| Complete 
| 873|0x000000076d200000, 0x000000076d400000, 0x000000076d400000|100%| E|CS|TAMS 0x000000076d200000| PB 0x000000076d200000| Complete 
| 874|0x000000076d400000, 0x000000076d600000, 0x000000076d600000|100%| E|CS|TAMS 0x000000076d400000| PB 0x000000076d400000| Complete 
| 875|0x000000076d600000, 0x000000076d800000, 0x000000076d800000|100%| E|CS|TAMS 0x000000076d600000| PB 0x000000076d600000| Complete 
| 876|0x000000076d800000, 0x000000076da00000, 0x000000076da00000|100%| E|CS|TAMS 0x000000076d800000| PB 0x000000076d800000| Complete 
| 877|0x000000076da00000, 0x000000076dc00000, 0x000000076dc00000|100%| E|CS|TAMS 0x000000076da00000| PB 0x000000076da00000| Complete 
| 878|0x000000076dc00000, 0x000000076de00000, 0x000000076de00000|100%| E|CS|TAMS 0x000000076dc00000| PB 0x000000076dc00000| Complete 
| 879|0x000000076de00000, 0x000000076e000000, 0x000000076e000000|100%| E|CS|TAMS 0x000000076de00000| PB 0x000000076de00000| Complete 
| 880|0x000000076e000000, 0x000000076e200000, 0x000000076e200000|100%| E|CS|TAMS 0x000000076e000000| PB 0x000000076e000000| Complete 
| 881|0x000000076e200000, 0x000000076e400000, 0x000000076e400000|100%| E|CS|TAMS 0x000000076e200000| PB 0x000000076e200000| Complete 
| 882|0x000000076e400000, 0x000000076e600000, 0x000000076e600000|100%| E|CS|TAMS 0x000000076e400000| PB 0x000000076e400000| Complete 
| 883|0x000000076e600000, 0x000000076e800000, 0x000000076e800000|100%| E|CS|TAMS 0x000000076e600000| PB 0x000000076e600000| Complete 
| 884|0x000000076e800000, 0x000000076ea00000, 0x000000076ea00000|100%| E|CS|TAMS 0x000000076e800000| PB 0x000000076e800000| Complete 
| 885|0x000000076ea00000, 0x000000076ec00000, 0x000000076ec00000|100%| E|CS|TAMS 0x000000076ea00000| PB 0x000000076ea00000| Complete 
| 886|0x000000076ec00000, 0x000000076ee00000, 0x000000076ee00000|100%| E|CS|TAMS 0x000000076ec00000| PB 0x000000076ec00000| Complete 
| 887|0x000000076ee00000, 0x000000076f000000, 0x000000076f000000|100%| E|CS|TAMS 0x000000076ee00000| PB 0x000000076ee00000| Complete 
| 888|0x000000076f000000, 0x000000076f200000, 0x000000076f200000|100%| E|CS|TAMS 0x000000076f000000| PB 0x000000076f000000| Complete 
| 889|0x000000076f200000, 0x000000076f400000, 0x000000076f400000|100%| E|CS|TAMS 0x000000076f200000| PB 0x000000076f200000| Complete 
| 890|0x000000076f400000, 0x000000076f600000, 0x000000076f600000|100%| E|CS|TAMS 0x000000076f400000| PB 0x000000076f400000| Complete 
| 891|0x000000076f600000, 0x000000076f800000, 0x000000076f800000|100%| E|CS|TAMS 0x000000076f600000| PB 0x000000076f600000| Complete 
| 892|0x000000076f800000, 0x000000076fa00000, 0x000000076fa00000|100%| E|CS|TAMS 0x000000076f800000| PB 0x000000076f800000| Complete 
| 893|0x000000076fa00000, 0x000000076fc00000, 0x000000076fc00000|100%| E|CS|TAMS 0x000000076fa00000| PB 0x000000076fa00000| Complete 
| 894|0x000000076fc00000, 0x000000076fe00000, 0x000000076fe00000|100%| E|CS|TAMS 0x000000076fc00000| PB 0x000000076fc00000| Complete 
| 895|0x000000076fe00000, 0x0000000770000000, 0x0000000770000000|100%| E|CS|TAMS 0x000000076fe00000| PB 0x000000076fe00000| Complete 
| 896|0x0000000770000000, 0x0000000770200000, 0x0000000770200000|100%| E|CS|TAMS 0x0000000770000000| PB 0x0000000770000000| Complete 
| 897|0x0000000770200000, 0x0000000770400000, 0x0000000770400000|100%| E|CS|TAMS 0x0000000770200000| PB 0x0000000770200000| Complete 
| 898|0x0000000770400000, 0x0000000770600000, 0x0000000770600000|100%| E|CS|TAMS 0x0000000770400000| PB 0x0000000770400000| Complete 
| 899|0x0000000770600000, 0x0000000770800000, 0x0000000770800000|100%| E|CS|TAMS 0x0000000770600000| PB 0x0000000770600000| Complete 
| 900|0x0000000770800000, 0x0000000770a00000, 0x0000000770a00000|100%| E|CS|TAMS 0x0000000770800000| PB 0x0000000770800000| Complete 
| 901|0x0000000770a00000, 0x0000000770c00000, 0x0000000770c00000|100%| E|CS|TAMS 0x0000000770a00000| PB 0x0000000770a00000| Complete 
| 902|0x0000000770c00000, 0x0000000770e00000, 0x0000000770e00000|100%| E|CS|TAMS 0x0000000770c00000| PB 0x0000000770c00000| Complete 
| 903|0x0000000770e00000, 0x0000000771000000, 0x0000000771000000|100%| E|CS|TAMS 0x0000000770e00000| PB 0x0000000770e00000| Complete 
| 904|0x0000000771000000, 0x0000000771200000, 0x0000000771200000|100%| E|CS|TAMS 0x0000000771000000| PB 0x0000000771000000| Complete 
| 905|0x0000000771200000, 0x0000000771400000, 0x0000000771400000|100%| E|CS|TAMS 0x0000000771200000| PB 0x0000000771200000| Complete 
| 906|0x0000000771400000, 0x0000000771600000, 0x0000000771600000|100%| E|CS|TAMS 0x0000000771400000| PB 0x0000000771400000| Complete 
| 907|0x0000000771600000, 0x0000000771800000, 0x0000000771800000|100%| E|CS|TAMS 0x0000000771600000| PB 0x0000000771600000| Complete 
| 908|0x0000000771800000, 0x0000000771a00000, 0x0000000771a00000|100%| E|CS|TAMS 0x0000000771800000| PB 0x0000000771800000| Complete 
| 909|0x0000000771a00000, 0x0000000771c00000, 0x0000000771c00000|100%| E|CS|TAMS 0x0000000771a00000| PB 0x0000000771a00000| Complete 
| 910|0x0000000771c00000, 0x0000000771e00000, 0x0000000771e00000|100%| E|CS|TAMS 0x0000000771c00000| PB 0x0000000771c00000| Complete 
| 911|0x0000000771e00000, 0x0000000772000000, 0x0000000772000000|100%| E|CS|TAMS 0x0000000771e00000| PB 0x0000000771e00000| Complete 
| 912|0x0000000772000000, 0x0000000772200000, 0x0000000772200000|100%| E|CS|TAMS 0x0000000772000000| PB 0x0000000772000000| Complete 
| 913|0x0000000772200000, 0x0000000772400000, 0x0000000772400000|100%| E|CS|TAMS 0x0000000772200000| PB 0x0000000772200000| Complete 
| 914|0x0000000772400000, 0x0000000772600000, 0x0000000772600000|100%| E|CS|TAMS 0x0000000772400000| PB 0x0000000772400000| Complete 
| 915|0x0000000772600000, 0x0000000772800000, 0x0000000772800000|100%| E|CS|TAMS 0x0000000772600000| PB 0x0000000772600000| Complete 
| 916|0x0000000772800000, 0x0000000772a00000, 0x0000000772a00000|100%| E|CS|TAMS 0x0000000772800000| PB 0x0000000772800000| Complete 
| 917|0x0000000772a00000, 0x0000000772c00000, 0x0000000772c00000|100%| E|CS|TAMS 0x0000000772a00000| PB 0x0000000772a00000| Complete 
| 918|0x0000000772c00000, 0x0000000772e00000, 0x0000000772e00000|100%| E|CS|TAMS 0x0000000772c00000| PB 0x0000000772c00000| Complete 
| 919|0x0000000772e00000, 0x0000000773000000, 0x0000000773000000|100%| E|CS|TAMS 0x0000000772e00000| PB 0x0000000772e00000| Complete 
| 920|0x0000000773000000, 0x0000000773200000, 0x0000000773200000|100%| E|CS|TAMS 0x0000000773000000| PB 0x0000000773000000| Complete 
| 921|0x0000000773200000, 0x0000000773400000, 0x0000000773400000|100%| E|CS|TAMS 0x0000000773200000| PB 0x0000000773200000| Complete 
| 922|0x0000000773400000, 0x0000000773600000, 0x0000000773600000|100%| E|CS|TAMS 0x0000000773400000| PB 0x0000000773400000| Complete 
| 923|0x0000000773600000, 0x0000000773800000, 0x0000000773800000|100%| E|CS|TAMS 0x0000000773600000| PB 0x0000000773600000| Complete 
| 924|0x0000000773800000, 0x0000000773a00000, 0x0000000773a00000|100%| E|CS|TAMS 0x0000000773800000| PB 0x0000000773800000| Complete 
| 925|0x0000000773a00000, 0x0000000773c00000, 0x0000000773c00000|100%| E|CS|TAMS 0x0000000773a00000| PB 0x0000000773a00000| Complete 
| 926|0x0000000773c00000, 0x0000000773e00000, 0x0000000773e00000|100%| E|CS|TAMS 0x0000000773c00000| PB 0x0000000773c00000| Complete 
| 927|0x0000000773e00000, 0x0000000774000000, 0x0000000774000000|100%| E|CS|TAMS 0x0000000773e00000| PB 0x0000000773e00000| Complete 
| 928|0x0000000774000000, 0x0000000774200000, 0x0000000774200000|100%| E|CS|TAMS 0x0000000774000000| PB 0x0000000774000000| Complete 
| 929|0x0000000774200000, 0x0000000774400000, 0x0000000774400000|100%| E|CS|TAMS 0x0000000774200000| PB 0x0000000774200000| Complete 
| 930|0x0000000774400000, 0x0000000774600000, 0x0000000774600000|100%| E|CS|TAMS 0x0000000774400000| PB 0x0000000774400000| Complete 
| 931|0x0000000774600000, 0x0000000774800000, 0x0000000774800000|100%| E|CS|TAMS 0x0000000774600000| PB 0x0000000774600000| Complete 
| 932|0x0000000774800000, 0x0000000774a00000, 0x0000000774a00000|100%| E|CS|TAMS 0x0000000774800000| PB 0x0000000774800000| Complete 
| 933|0x0000000774a00000, 0x0000000774c00000, 0x0000000774c00000|100%| E|CS|TAMS 0x0000000774a00000| PB 0x0000000774a00000| Complete 
| 934|0x0000000774c00000, 0x0000000774e00000, 0x0000000774e00000|100%| E|CS|TAMS 0x0000000774c00000| PB 0x0000000774c00000| Complete 
| 935|0x0000000774e00000, 0x0000000775000000, 0x0000000775000000|100%| E|CS|TAMS 0x0000000774e00000| PB 0x0000000774e00000| Complete 
| 936|0x0000000775000000, 0x0000000775200000, 0x0000000775200000|100%| E|CS|TAMS 0x0000000775000000| PB 0x0000000775000000| Complete 
| 937|0x0000000775200000, 0x0000000775400000, 0x0000000775400000|100%| E|CS|TAMS 0x0000000775200000| PB 0x0000000775200000| Complete 
| 938|0x0000000775400000, 0x0000000775600000, 0x0000000775600000|100%| E|CS|TAMS 0x0000000775400000| PB 0x0000000775400000| Complete 
| 939|0x0000000775600000, 0x0000000775800000, 0x0000000775800000|100%| E|CS|TAMS 0x0000000775600000| PB 0x0000000775600000| Complete 
| 940|0x0000000775800000, 0x0000000775a00000, 0x0000000775a00000|100%| E|CS|TAMS 0x0000000775800000| PB 0x0000000775800000| Complete 
| 941|0x0000000775a00000, 0x0000000775c00000, 0x0000000775c00000|100%| E|CS|TAMS 0x0000000775a00000| PB 0x0000000775a00000| Complete 
| 942|0x0000000775c00000, 0x0000000775e00000, 0x0000000775e00000|100%| E|CS|TAMS 0x0000000775c00000| PB 0x0000000775c00000| Complete 
| 943|0x0000000775e00000, 0x0000000776000000, 0x0000000776000000|100%| E|CS|TAMS 0x0000000775e00000| PB 0x0000000775e00000| Complete 
| 944|0x0000000776000000, 0x0000000776200000, 0x0000000776200000|100%| E|CS|TAMS 0x0000000776000000| PB 0x0000000776000000| Complete 
| 945|0x0000000776200000, 0x0000000776400000, 0x0000000776400000|100%| E|CS|TAMS 0x0000000776200000| PB 0x0000000776200000| Complete 
| 946|0x0000000776400000, 0x0000000776600000, 0x0000000776600000|100%| E|CS|TAMS 0x0000000776400000| PB 0x0000000776400000| Complete 
| 947|0x0000000776600000, 0x0000000776800000, 0x0000000776800000|100%| E|CS|TAMS 0x0000000776600000| PB 0x0000000776600000| Complete 
| 948|0x0000000776800000, 0x0000000776a00000, 0x0000000776a00000|100%| E|CS|TAMS 0x0000000776800000| PB 0x0000000776800000| Complete 
| 949|0x0000000776a00000, 0x0000000776c00000, 0x0000000776c00000|100%| E|CS|TAMS 0x0000000776a00000| PB 0x0000000776a00000| Complete 
| 950|0x0000000776c00000, 0x0000000776e00000, 0x0000000776e00000|100%| E|CS|TAMS 0x0000000776c00000| PB 0x0000000776c00000| Complete 
| 951|0x0000000776e00000, 0x0000000777000000, 0x0000000777000000|100%| E|CS|TAMS 0x0000000776e00000| PB 0x0000000776e00000| Complete 
| 952|0x0000000777000000, 0x0000000777200000, 0x0000000777200000|100%| E|CS|TAMS 0x0000000777000000| PB 0x0000000777000000| Complete 
| 953|0x0000000777200000, 0x0000000777400000, 0x0000000777400000|100%| E|CS|TAMS 0x0000000777200000| PB 0x0000000777200000| Complete 
| 954|0x0000000777400000, 0x0000000777600000, 0x0000000777600000|100%| E|CS|TAMS 0x0000000777400000| PB 0x0000000777400000| Complete 
| 955|0x0000000777600000, 0x0000000777800000, 0x0000000777800000|100%| E|CS|TAMS 0x0000000777600000| PB 0x0000000777600000| Complete 
| 956|0x0000000777800000, 0x0000000777a00000, 0x0000000777a00000|100%| E|CS|TAMS 0x0000000777800000| PB 0x0000000777800000| Complete 
| 957|0x0000000777a00000, 0x0000000777c00000, 0x0000000777c00000|100%| E|CS|TAMS 0x0000000777a00000| PB 0x0000000777a00000| Complete 
| 958|0x0000000777c00000, 0x0000000777e00000, 0x0000000777e00000|100%| E|CS|TAMS 0x0000000777c00000| PB 0x0000000777c00000| Complete 
| 959|0x0000000777e00000, 0x0000000778000000, 0x0000000778000000|100%| E|CS|TAMS 0x0000000777e00000| PB 0x0000000777e00000| Complete 
| 960|0x0000000778000000, 0x0000000778200000, 0x0000000778200000|100%| E|CS|TAMS 0x0000000778000000| PB 0x0000000778000000| Complete 
| 961|0x0000000778200000, 0x0000000778400000, 0x0000000778400000|100%| E|CS|TAMS 0x0000000778200000| PB 0x0000000778200000| Complete 
| 962|0x0000000778400000, 0x0000000778600000, 0x0000000778600000|100%| E|CS|TAMS 0x0000000778400000| PB 0x0000000778400000| Complete 
| 963|0x0000000778600000, 0x0000000778800000, 0x0000000778800000|100%| E|CS|TAMS 0x0000000778600000| PB 0x0000000778600000| Complete 
| 964|0x0000000778800000, 0x0000000778a00000, 0x0000000778a00000|100%| E|CS|TAMS 0x0000000778800000| PB 0x0000000778800000| Complete 
| 965|0x0000000778a00000, 0x0000000778c00000, 0x0000000778c00000|100%| E|CS|TAMS 0x0000000778a00000| PB 0x0000000778a00000| Complete 
| 966|0x0000000778c00000, 0x0000000778e00000, 0x0000000778e00000|100%| E|CS|TAMS 0x0000000778c00000| PB 0x0000000778c00000| Complete 
| 967|0x0000000778e00000, 0x0000000779000000, 0x0000000779000000|100%| E|CS|TAMS 0x0000000778e00000| PB 0x0000000778e00000| Complete 
| 968|0x0000000779000000, 0x0000000779200000, 0x0000000779200000|100%| E|CS|TAMS 0x0000000779000000| PB 0x0000000779000000| Complete 
| 969|0x0000000779200000, 0x0000000779400000, 0x0000000779400000|100%| E|CS|TAMS 0x0000000779200000| PB 0x0000000779200000| Complete 
| 970|0x0000000779400000, 0x0000000779600000, 0x0000000779600000|100%| E|CS|TAMS 0x0000000779400000| PB 0x0000000779400000| Complete 
| 971|0x0000000779600000, 0x0000000779800000, 0x0000000779800000|100%| E|CS|TAMS 0x0000000779600000| PB 0x0000000779600000| Complete 
| 972|0x0000000779800000, 0x0000000779a00000, 0x0000000779a00000|100%| E|CS|TAMS 0x0000000779800000| PB 0x0000000779800000| Complete 
| 973|0x0000000779a00000, 0x0000000779c00000, 0x0000000779c00000|100%| E|CS|TAMS 0x0000000779a00000| PB 0x0000000779a00000| Complete 
| 974|0x0000000779c00000, 0x0000000779e00000, 0x0000000779e00000|100%| E|CS|TAMS 0x0000000779c00000| PB 0x0000000779c00000| Complete 
| 975|0x0000000779e00000, 0x000000077a000000, 0x000000077a000000|100%| E|CS|TAMS 0x0000000779e00000| PB 0x0000000779e00000| Complete 
| 976|0x000000077a000000, 0x000000077a200000, 0x000000077a200000|100%| E|CS|TAMS 0x000000077a000000| PB 0x000000077a000000| Complete 
| 977|0x000000077a200000, 0x000000077a400000, 0x000000077a400000|100%| E|CS|TAMS 0x000000077a200000| PB 0x000000077a200000| Complete 
| 978|0x000000077a400000, 0x000000077a600000, 0x000000077a600000|100%| E|CS|TAMS 0x000000077a400000| PB 0x000000077a400000| Complete 
| 979|0x000000077a600000, 0x000000077a800000, 0x000000077a800000|100%| E|CS|TAMS 0x000000077a600000| PB 0x000000077a600000| Complete 
| 980|0x000000077a800000, 0x000000077aa00000, 0x000000077aa00000|100%| E|CS|TAMS 0x000000077a800000| PB 0x000000077a800000| Complete 
| 981|0x000000077aa00000, 0x000000077ac00000, 0x000000077ac00000|100%| E|CS|TAMS 0x000000077aa00000| PB 0x000000077aa00000| Complete 
| 982|0x000000077ac00000, 0x000000077ae00000, 0x000000077ae00000|100%| E|CS|TAMS 0x000000077ac00000| PB 0x000000077ac00000| Complete 
| 983|0x000000077ae00000, 0x000000077b000000, 0x000000077b000000|100%| E|CS|TAMS 0x000000077ae00000| PB 0x000000077ae00000| Complete 
| 984|0x000000077b000000, 0x000000077b200000, 0x000000077b200000|100%| E|CS|TAMS 0x000000077b000000| PB 0x000000077b000000| Complete 
| 985|0x000000077b200000, 0x000000077b400000, 0x000000077b400000|100%| E|CS|TAMS 0x000000077b200000| PB 0x000000077b200000| Complete 
| 986|0x000000077b400000, 0x000000077b600000, 0x000000077b600000|100%| E|CS|TAMS 0x000000077b400000| PB 0x000000077b400000| Complete 
| 987|0x000000077b600000, 0x000000077b800000, 0x000000077b800000|100%| E|CS|TAMS 0x000000077b600000| PB 0x000000077b600000| Complete 
| 988|0x000000077b800000, 0x000000077ba00000, 0x000000077ba00000|100%| E|CS|TAMS 0x000000077b800000| PB 0x000000077b800000| Complete 
| 989|0x000000077ba00000, 0x000000077bc00000, 0x000000077bc00000|100%| E|CS|TAMS 0x000000077ba00000| PB 0x000000077ba00000| Complete 
| 990|0x000000077bc00000, 0x000000077be00000, 0x000000077be00000|100%| E|CS|TAMS 0x000000077bc00000| PB 0x000000077bc00000| Complete 
| 991|0x000000077be00000, 0x000000077c000000, 0x000000077c000000|100%| E|CS|TAMS 0x000000077be00000| PB 0x000000077be00000| Complete 
| 992|0x000000077c000000, 0x000000077c200000, 0x000000077c200000|100%| E|CS|TAMS 0x000000077c000000| PB 0x000000077c000000| Complete 
| 993|0x000000077c200000, 0x000000077c400000, 0x000000077c400000|100%| E|CS|TAMS 0x000000077c200000| PB 0x000000077c200000| Complete 
| 994|0x000000077c400000, 0x000000077c600000, 0x000000077c600000|100%| E|CS|TAMS 0x000000077c400000| PB 0x000000077c400000| Complete 
| 995|0x000000077c600000, 0x000000077c800000, 0x000000077c800000|100%| E|CS|TAMS 0x000000077c600000| PB 0x000000077c600000| Complete 
| 996|0x000000077c800000, 0x000000077ca00000, 0x000000077ca00000|100%| E|CS|TAMS 0x000000077c800000| PB 0x000000077c800000| Complete 
| 997|0x000000077ca00000, 0x000000077cc00000, 0x000000077cc00000|100%| E|CS|TAMS 0x000000077ca00000| PB 0x000000077ca00000| Complete 
| 998|0x000000077cc00000, 0x000000077ce00000, 0x000000077ce00000|100%| E|CS|TAMS 0x000000077cc00000| PB 0x000000077cc00000| Complete 
| 999|0x000000077ce00000, 0x000000077d000000, 0x000000077d000000|100%| E|CS|TAMS 0x000000077ce00000| PB 0x000000077ce00000| Complete 
|1000|0x000000077d000000, 0x000000077d200000, 0x000000077d200000|100%| E|CS|TAMS 0x000000077d000000| PB 0x000000077d000000| Complete 
|1001|0x000000077d200000, 0x000000077d400000, 0x000000077d400000|100%| E|CS|TAMS 0x000000077d200000| PB 0x000000077d200000| Complete 
|1002|0x000000077d400000, 0x000000077d600000, 0x000000077d600000|100%| E|CS|TAMS 0x000000077d400000| PB 0x000000077d400000| Complete 
|1003|0x000000077d600000, 0x000000077d800000, 0x000000077d800000|100%| E|CS|TAMS 0x000000077d600000| PB 0x000000077d600000| Complete 
|1004|0x000000077d800000, 0x000000077da00000, 0x000000077da00000|100%| E|CS|TAMS 0x000000077d800000| PB 0x000000077d800000| Complete 
|1005|0x000000077da00000, 0x000000077dc00000, 0x000000077dc00000|100%| E|CS|TAMS 0x000000077da00000| PB 0x000000077da00000| Complete 
|1006|0x000000077dc00000, 0x000000077de00000, 0x000000077de00000|100%| E|CS|TAMS 0x000000077dc00000| PB 0x000000077dc00000| Complete 
|1007|0x000000077de00000, 0x000000077e000000, 0x000000077e000000|100%| E|CS|TAMS 0x000000077de00000| PB 0x000000077de00000| Complete 
|1008|0x000000077e000000, 0x000000077e200000, 0x000000077e200000|100%| E|CS|TAMS 0x000000077e000000| PB 0x000000077e000000| Complete 
|1009|0x000000077e200000, 0x000000077e400000, 0x000000077e400000|100%| E|CS|TAMS 0x000000077e200000| PB 0x000000077e200000| Complete 
|1010|0x000000077e400000, 0x000000077e600000, 0x000000077e600000|100%| E|CS|TAMS 0x000000077e400000| PB 0x000000077e400000| Complete 
|1011|0x000000077e600000, 0x000000077e800000, 0x000000077e800000|100%| E|CS|TAMS 0x000000077e600000| PB 0x000000077e600000| Complete 
|1012|0x000000077e800000, 0x000000077ea00000, 0x000000077ea00000|100%| E|CS|TAMS 0x000000077e800000| PB 0x000000077e800000| Complete 
|1013|0x000000077ea00000, 0x000000077ec00000, 0x000000077ec00000|100%| E|CS|TAMS 0x000000077ea00000| PB 0x000000077ea00000| Complete 
|1014|0x000000077ec00000, 0x000000077ee00000, 0x000000077ee00000|100%| E|CS|TAMS 0x000000077ec00000| PB 0x000000077ec00000| Complete 
|1015|0x000000077ee00000, 0x000000077f000000, 0x000000077f000000|100%| E|CS|TAMS 0x000000077ee00000| PB 0x000000077ee00000| Complete 
|1016|0x000000077f000000, 0x000000077f200000, 0x000000077f200000|100%| E|CS|TAMS 0x000000077f000000| PB 0x000000077f000000| Complete 
|1017|0x000000077f200000, 0x000000077f400000, 0x000000077f400000|100%| E|CS|TAMS 0x000000077f200000| PB 0x000000077f200000| Complete 
|1018|0x000000077f400000, 0x000000077f600000, 0x000000077f600000|100%| E|CS|TAMS 0x000000077f400000| PB 0x000000077f400000| Complete 
|1019|0x000000077f600000, 0x000000077f800000, 0x000000077f800000|100%| E|CS|TAMS 0x000000077f600000| PB 0x000000077f600000| Complete 
|1020|0x000000077f800000, 0x000000077fa00000, 0x000000077fa00000|100%| E|CS|TAMS 0x000000077f800000| PB 0x000000077f800000| Complete 
|1021|0x000000077fa00000, 0x000000077fc00000, 0x000000077fc00000|100%| E|CS|TAMS 0x000000077fa00000| PB 0x000000077fa00000| Complete 
|1022|0x000000077fc00000, 0x000000077fe00000, 0x000000077fe00000|100%| E|CS|TAMS 0x000000077fc00000| PB 0x000000077fc00000| Complete 
|1023|0x000000077fe00000, 0x0000000780000000, 0x0000000780000000|100%| E|CS|TAMS 0x000000077fe00000| PB 0x000000077fe00000| Complete 
|1024|0x0000000780000000, 0x0000000780200000, 0x0000000780200000|100%| E|CS|TAMS 0x0000000780000000| PB 0x0000000780000000| Complete 
|1025|0x0000000780200000, 0x0000000780400000, 0x0000000780400000|100%| E|CS|TAMS 0x0000000780200000| PB 0x0000000780200000| Complete 
|1026|0x0000000780400000, 0x0000000780600000, 0x0000000780600000|100%| E|CS|TAMS 0x0000000780400000| PB 0x0000000780400000| Complete 
|1027|0x0000000780600000, 0x0000000780800000, 0x0000000780800000|100%| E|CS|TAMS 0x0000000780600000| PB 0x0000000780600000| Complete 
|1028|0x0000000780800000, 0x0000000780a00000, 0x0000000780a00000|100%| E|CS|TAMS 0x0000000780800000| PB 0x0000000780800000| Complete 
|1029|0x0000000780a00000, 0x0000000780c00000, 0x0000000780c00000|100%| E|CS|TAMS 0x0000000780a00000| PB 0x0000000780a00000| Complete 
|1030|0x0000000780c00000, 0x0000000780e00000, 0x0000000780e00000|100%| E|CS|TAMS 0x0000000780c00000| PB 0x0000000780c00000| Complete 
|1031|0x0000000780e00000, 0x0000000781000000, 0x0000000781000000|100%| E|CS|TAMS 0x0000000780e00000| PB 0x0000000780e00000| Complete 
|1032|0x0000000781000000, 0x0000000781200000, 0x0000000781200000|100%| E|CS|TAMS 0x0000000781000000| PB 0x0000000781000000| Complete 
|1033|0x0000000781200000, 0x0000000781400000, 0x0000000781400000|100%| E|CS|TAMS 0x0000000781200000| PB 0x0000000781200000| Complete 
|1034|0x0000000781400000, 0x0000000781600000, 0x0000000781600000|100%| E|CS|TAMS 0x0000000781400000| PB 0x0000000781400000| Complete 
|1035|0x0000000781600000, 0x0000000781800000, 0x0000000781800000|100%| E|CS|TAMS 0x0000000781600000| PB 0x0000000781600000| Complete 
|1036|0x0000000781800000, 0x0000000781a00000, 0x0000000781a00000|100%| E|CS|TAMS 0x0000000781800000| PB 0x0000000781800000| Complete 
|1037|0x0000000781a00000, 0x0000000781c00000, 0x0000000781c00000|100%| E|CS|TAMS 0x0000000781a00000| PB 0x0000000781a00000| Complete 
|1038|0x0000000781c00000, 0x0000000781e00000, 0x0000000781e00000|100%| E|CS|TAMS 0x0000000781c00000| PB 0x0000000781c00000| Complete 
|1039|0x0000000781e00000, 0x0000000782000000, 0x0000000782000000|100%| E|CS|TAMS 0x0000000781e00000| PB 0x0000000781e00000| Complete 
|1040|0x0000000782000000, 0x0000000782200000, 0x0000000782200000|100%| E|CS|TAMS 0x0000000782000000| PB 0x0000000782000000| Complete 
|1041|0x0000000782200000, 0x0000000782400000, 0x0000000782400000|100%| E|CS|TAMS 0x0000000782200000| PB 0x0000000782200000| Complete 
|1042|0x0000000782400000, 0x0000000782600000, 0x0000000782600000|100%| E|CS|TAMS 0x0000000782400000| PB 0x0000000782400000| Complete 
|1043|0x0000000782600000, 0x0000000782800000, 0x0000000782800000|100%| E|CS|TAMS 0x0000000782600000| PB 0x0000000782600000| Complete 
|1044|0x0000000782800000, 0x0000000782a00000, 0x0000000782a00000|100%| E|CS|TAMS 0x0000000782800000| PB 0x0000000782800000| Complete 
|1045|0x0000000782a00000, 0x0000000782c00000, 0x0000000782c00000|100%| E|CS|TAMS 0x0000000782a00000| PB 0x0000000782a00000| Complete 
|1046|0x0000000782c00000, 0x0000000782e00000, 0x0000000782e00000|100%| E|CS|TAMS 0x0000000782c00000| PB 0x0000000782c00000| Complete 
|1047|0x0000000782e00000, 0x0000000783000000, 0x0000000783000000|100%| E|CS|TAMS 0x0000000782e00000| PB 0x0000000782e00000| Complete 
|1048|0x0000000783000000, 0x0000000783200000, 0x0000000783200000|100%| E|CS|TAMS 0x0000000783000000| PB 0x0000000783000000| Complete 
|1049|0x0000000783200000, 0x0000000783400000, 0x0000000783400000|100%| E|CS|TAMS 0x0000000783200000| PB 0x0000000783200000| Complete 
|1050|0x0000000783400000, 0x0000000783600000, 0x0000000783600000|100%| E|CS|TAMS 0x0000000783400000| PB 0x0000000783400000| Complete 
|1051|0x0000000783600000, 0x0000000783800000, 0x0000000783800000|100%| E|CS|TAMS 0x0000000783600000| PB 0x0000000783600000| Complete 
|1052|0x0000000783800000, 0x0000000783a00000, 0x0000000783a00000|100%| E|CS|TAMS 0x0000000783800000| PB 0x0000000783800000| Complete 
|1053|0x0000000783a00000, 0x0000000783c00000, 0x0000000783c00000|100%| E|CS|TAMS 0x0000000783a00000| PB 0x0000000783a00000| Complete 
|1054|0x0000000783c00000, 0x0000000783e00000, 0x0000000783e00000|100%| E|CS|TAMS 0x0000000783c00000| PB 0x0000000783c00000| Complete 
|1055|0x0000000783e00000, 0x0000000784000000, 0x0000000784000000|100%| E|CS|TAMS 0x0000000783e00000| PB 0x0000000783e00000| Complete 
|1056|0x0000000784000000, 0x0000000784200000, 0x0000000784200000|100%| E|CS|TAMS 0x0000000784000000| PB 0x0000000784000000| Complete 
|1057|0x0000000784200000, 0x0000000784400000, 0x0000000784400000|100%| E|CS|TAMS 0x0000000784200000| PB 0x0000000784200000| Complete 
|1058|0x0000000784400000, 0x0000000784600000, 0x0000000784600000|100%| E|CS|TAMS 0x0000000784400000| PB 0x0000000784400000| Complete 
|1059|0x0000000784600000, 0x0000000784800000, 0x0000000784800000|100%| E|CS|TAMS 0x0000000784600000| PB 0x0000000784600000| Complete 
|1060|0x0000000784800000, 0x0000000784a00000, 0x0000000784a00000|100%| E|CS|TAMS 0x0000000784800000| PB 0x0000000784800000| Complete 
|1061|0x0000000784a00000, 0x0000000784c00000, 0x0000000784c00000|100%| E|CS|TAMS 0x0000000784a00000| PB 0x0000000784a00000| Complete 
|1062|0x0000000784c00000, 0x0000000784e00000, 0x0000000784e00000|100%| E|CS|TAMS 0x0000000784c00000| PB 0x0000000784c00000| Complete 
|1063|0x0000000784e00000, 0x0000000785000000, 0x0000000785000000|100%| E|CS|TAMS 0x0000000784e00000| PB 0x0000000784e00000| Complete 
|1064|0x0000000785000000, 0x0000000785200000, 0x0000000785200000|100%| E|CS|TAMS 0x0000000785000000| PB 0x0000000785000000| Complete 
|1065|0x0000000785200000, 0x0000000785400000, 0x0000000785400000|100%| E|CS|TAMS 0x0000000785200000| PB 0x0000000785200000| Complete 
|1066|0x0000000785400000, 0x0000000785600000, 0x0000000785600000|100%| E|CS|TAMS 0x0000000785400000| PB 0x0000000785400000| Complete 
|1067|0x0000000785600000, 0x0000000785800000, 0x0000000785800000|100%| E|CS|TAMS 0x0000000785600000| PB 0x0000000785600000| Complete 
|1068|0x0000000785800000, 0x0000000785a00000, 0x0000000785a00000|100%| E|CS|TAMS 0x0000000785800000| PB 0x0000000785800000| Complete 
|1069|0x0000000785a00000, 0x0000000785c00000, 0x0000000785c00000|100%| E|CS|TAMS 0x0000000785a00000| PB 0x0000000785a00000| Complete 
|1070|0x0000000785c00000, 0x0000000785e00000, 0x0000000785e00000|100%| E|CS|TAMS 0x0000000785c00000| PB 0x0000000785c00000| Complete 
|1071|0x0000000785e00000, 0x0000000786000000, 0x0000000786000000|100%| E|CS|TAMS 0x0000000785e00000| PB 0x0000000785e00000| Complete 
|1072|0x0000000786000000, 0x0000000786200000, 0x0000000786200000|100%| E|CS|TAMS 0x0000000786000000| PB 0x0000000786000000| Complete 
|1073|0x0000000786200000, 0x0000000786400000, 0x0000000786400000|100%| E|CS|TAMS 0x0000000786200000| PB 0x0000000786200000| Complete 
|1074|0x0000000786400000, 0x0000000786600000, 0x0000000786600000|100%| E|CS|TAMS 0x0000000786400000| PB 0x0000000786400000| Complete 
|1075|0x0000000786600000, 0x0000000786800000, 0x0000000786800000|100%| E|CS|TAMS 0x0000000786600000| PB 0x0000000786600000| Complete 
|1076|0x0000000786800000, 0x0000000786a00000, 0x0000000786a00000|100%| E|CS|TAMS 0x0000000786800000| PB 0x0000000786800000| Complete 
|1077|0x0000000786a00000, 0x0000000786c00000, 0x0000000786c00000|100%| E|CS|TAMS 0x0000000786a00000| PB 0x0000000786a00000| Complete 
|1078|0x0000000786c00000, 0x0000000786e00000, 0x0000000786e00000|100%| E|CS|TAMS 0x0000000786c00000| PB 0x0000000786c00000| Complete 
|1079|0x0000000786e00000, 0x0000000787000000, 0x0000000787000000|100%| E|CS|TAMS 0x0000000786e00000| PB 0x0000000786e00000| Complete 
|1080|0x0000000787000000, 0x0000000787200000, 0x0000000787200000|100%| E|CS|TAMS 0x0000000787000000| PB 0x0000000787000000| Complete 
|1081|0x0000000787200000, 0x0000000787400000, 0x0000000787400000|100%| E|CS|TAMS 0x0000000787200000| PB 0x0000000787200000| Complete 
|1082|0x0000000787400000, 0x0000000787600000, 0x0000000787600000|100%| E|CS|TAMS 0x0000000787400000| PB 0x0000000787400000| Complete 
|1083|0x0000000787600000, 0x0000000787800000, 0x0000000787800000|100%| E|CS|TAMS 0x0000000787600000| PB 0x0000000787600000| Complete 
|1084|0x0000000787800000, 0x0000000787a00000, 0x0000000787a00000|100%| E|CS|TAMS 0x0000000787800000| PB 0x0000000787800000| Complete 
|1085|0x0000000787a00000, 0x0000000787c00000, 0x0000000787c00000|100%| E|CS|TAMS 0x0000000787a00000| PB 0x0000000787a00000| Complete 
|1086|0x0000000787c00000, 0x0000000787e00000, 0x0000000787e00000|100%| E|CS|TAMS 0x0000000787c00000| PB 0x0000000787c00000| Complete 
|1087|0x0000000787e00000, 0x0000000788000000, 0x0000000788000000|100%| E|CS|TAMS 0x0000000787e00000| PB 0x0000000787e00000| Complete 
|1088|0x0000000788000000, 0x0000000788200000, 0x0000000788200000|100%| E|CS|TAMS 0x0000000788000000| PB 0x0000000788000000| Complete 
|1089|0x0000000788200000, 0x0000000788400000, 0x0000000788400000|100%| E|CS|TAMS 0x0000000788200000| PB 0x0000000788200000| Complete 
|1090|0x0000000788400000, 0x0000000788600000, 0x0000000788600000|100%| E|CS|TAMS 0x0000000788400000| PB 0x0000000788400000| Complete 
|1091|0x0000000788600000, 0x0000000788800000, 0x0000000788800000|100%| E|CS|TAMS 0x0000000788600000| PB 0x0000000788600000| Complete 
|1092|0x0000000788800000, 0x0000000788a00000, 0x0000000788a00000|100%| E|CS|TAMS 0x0000000788800000| PB 0x0000000788800000| Complete 
|1093|0x0000000788a00000, 0x0000000788c00000, 0x0000000788c00000|100%| E|CS|TAMS 0x0000000788a00000| PB 0x0000000788a00000| Complete 
|1094|0x0000000788c00000, 0x0000000788e00000, 0x0000000788e00000|100%| E|CS|TAMS 0x0000000788c00000| PB 0x0000000788c00000| Complete 
|1095|0x0000000788e00000, 0x0000000789000000, 0x0000000789000000|100%| E|CS|TAMS 0x0000000788e00000| PB 0x0000000788e00000| Complete 
|1096|0x0000000789000000, 0x0000000789200000, 0x0000000789200000|100%| E|CS|TAMS 0x0000000789000000| PB 0x0000000789000000| Complete 
|1097|0x0000000789200000, 0x0000000789400000, 0x0000000789400000|100%| E|CS|TAMS 0x0000000789200000| PB 0x0000000789200000| Complete 
|1098|0x0000000789400000, 0x0000000789600000, 0x0000000789600000|100%| E|CS|TAMS 0x0000000789400000| PB 0x0000000789400000| Complete 
|1099|0x0000000789600000, 0x0000000789800000, 0x0000000789800000|100%| E|CS|TAMS 0x0000000789600000| PB 0x0000000789600000| Complete 
|1100|0x0000000789800000, 0x0000000789a00000, 0x0000000789a00000|100%| E|CS|TAMS 0x0000000789800000| PB 0x0000000789800000| Complete 
|1101|0x0000000789a00000, 0x0000000789c00000, 0x0000000789c00000|100%| E|CS|TAMS 0x0000000789a00000| PB 0x0000000789a00000| Complete 
|1102|0x0000000789c00000, 0x0000000789e00000, 0x0000000789e00000|100%| E|CS|TAMS 0x0000000789c00000| PB 0x0000000789c00000| Complete 
|1103|0x0000000789e00000, 0x000000078a000000, 0x000000078a000000|100%| E|CS|TAMS 0x0000000789e00000| PB 0x0000000789e00000| Complete 
|1104|0x000000078a000000, 0x000000078a200000, 0x000000078a200000|100%| E|CS|TAMS 0x000000078a000000| PB 0x000000078a000000| Complete 
|1105|0x000000078a200000, 0x000000078a400000, 0x000000078a400000|100%| E|CS|TAMS 0x000000078a200000| PB 0x000000078a200000| Complete 
|1106|0x000000078a400000, 0x000000078a600000, 0x000000078a600000|100%| E|CS|TAMS 0x000000078a400000| PB 0x000000078a400000| Complete 
|1107|0x000000078a600000, 0x000000078a800000, 0x000000078a800000|100%| E|CS|TAMS 0x000000078a600000| PB 0x000000078a600000| Complete 
|1108|0x000000078a800000, 0x000000078aa00000, 0x000000078aa00000|100%| E|CS|TAMS 0x000000078a800000| PB 0x000000078a800000| Complete 
|1109|0x000000078aa00000, 0x000000078ac00000, 0x000000078ac00000|100%| E|CS|TAMS 0x000000078aa00000| PB 0x000000078aa00000| Complete 
|1110|0x000000078ac00000, 0x000000078ae00000, 0x000000078ae00000|100%| E|CS|TAMS 0x000000078ac00000| PB 0x000000078ac00000| Complete 
|1111|0x000000078ae00000, 0x000000078b000000, 0x000000078b000000|100%| E|CS|TAMS 0x000000078ae00000| PB 0x000000078ae00000| Complete 
|1112|0x000000078b000000, 0x000000078b200000, 0x000000078b200000|100%| E|CS|TAMS 0x000000078b000000| PB 0x000000078b000000| Complete 
|1113|0x000000078b200000, 0x000000078b400000, 0x000000078b400000|100%| E|CS|TAMS 0x000000078b200000| PB 0x000000078b200000| Complete 
|2038|0x00000007fec00000, 0x00000007fee00000, 0x00000007fee00000|100%| O|  |TAMS 0x00000007fee00000| PB 0x00000007fee00000| Untracked 
|2039|0x00000007fee00000, 0x00000007ff000000, 0x00000007ff000000|100%| O|  |TAMS 0x00000007ff000000| PB 0x00000007ff000000| Untracked 
|2040|0x00000007ff000000, 0x00000007ff200000, 0x00000007ff200000|100%| O|  |TAMS 0x00000007ff200000| PB 0x00000007ff200000| Untracked 
|2041|0x00000007ff200000, 0x00000007ff400000, 0x00000007ff400000|100%| O|  |TAMS 0x00000007ff400000| PB 0x00000007ff400000| Untracked 
|2042|0x00000007ff400000, 0x00000007ff600000, 0x00000007ff600000|100%| O|  |TAMS 0x00000007ff600000| PB 0x00000007ff600000| Untracked 
|2043|0x00000007ff600000, 0x00000007ff800000, 0x00000007ff800000|100%| O|  |TAMS 0x00000007ff800000| PB 0x00000007ff800000| Untracked 
|2044|0x00000007ff800000, 0x00000007ffa00000, 0x00000007ffa00000|100%| E|CS|TAMS 0x00000007ff800000| PB 0x00000007ff800000| Complete 
|2045|0x00000007ffa00000, 0x00000007ffc00000, 0x00000007ffc00000|100%| E|CS|TAMS 0x00000007ffa00000| PB 0x00000007ffa00000| Complete 
|2046|0x00000007ffc00000, 0x00000007ffe00000, 0x00000007ffe00000|100%| E|CS|TAMS 0x00000007ffc00000| PB 0x00000007ffc00000| Complete 
|2047|0x00000007ffe00000, 0x0000000800000000, 0x0000000800000000|100%| E|CS|TAMS 0x00000007ffe00000| PB 0x00000007ffe00000| Complete 

Card table byte_map: [0x000002a42b270000,0x000002a42ba70000] _byte_map_base: 0x000002a427a70000

Marking Bits: (CMBitMap*) 0x000002a42fa91630
 Bits: [0x000002a42ba70000, 0x000002a42fa70000)

Polling page: 0x000002a411030000

Metaspace:

Usage:
  Non-class:    125.63 MB used.
      Class:     18.82 MB used.
       Both:    144.45 MB used.

Virtual space:
  Non-class space:      192.00 MB reserved,     127.38 MB ( 66%) committed,  3 nodes.
      Class space:      832.00 MB reserved,      20.44 MB (  2%) committed,  1 nodes.
             Both:        1.00 GB reserved,     147.81 MB ( 14%) committed. 

Chunk freelists:
   Non-Class:  16.67 MB
       Class:  11.96 MB
        Both:  28.63 MB

MaxMetaspaceSize: 1.00 GB
CompressedClassSpaceSize: 832.00 MB
Initial GC threshold: 21.00 MB
Current GC threshold: 270.44 MB
CDS: on
 - commit_granule_bytes: 65536.
 - commit_granule_words: 8192.
 - virtual_space_node_default_size: 8388608.
 - enlarge_chunks_in_place: 1.
 - use_allocation_guard: 0.


Internal statistics:

num_allocs_failed_limit: 9.
num_arena_births: 4624.
num_arena_deaths: 46.
num_vsnodes_births: 4.
num_vsnodes_deaths: 0.
num_space_committed: 2615.
num_space_uncommitted: 71.
num_chunks_returned_to_freelist: 720.
num_chunks_taken_from_freelist: 11646.
num_chunk_merges: 283.
num_chunk_splits: 7870.
num_chunks_enlarged: 5359.
num_inconsistent_stats: 0.

CodeHeap 'non-profiled nmethods': size=120000Kb used=27384Kb max_used=27693Kb free=92615Kb
 bounds [0x000002a422ff0000, 0x000002a424b00000, 0x000002a42a520000]
CodeHeap 'profiled nmethods': size=120000Kb used=16283Kb max_used=32153Kb free=103716Kb
 bounds [0x000002a41b520000, 0x000002a41d560000, 0x000002a422a50000]
CodeHeap 'non-nmethods': size=5760Kb used=3091Kb max_used=3269Kb free=2668Kb
 bounds [0x000002a422a50000, 0x000002a422da0000, 0x000002a422ff0000]
 total_blobs=13825 nmethods=12696 adapters=1031
 compilation: enabled
              stopped_count=0, restarted_count=0
 full_count=0

Compilation events (20 events):
Event: 1025.775 Thread 0x000002a47d134030 nmethod 65804 0x000002a424ad8510 code [0x000002a424ad9ca0, 0x000002a424ae54e0]
Event: 1025.776 Thread 0x000002a47d134030 65859   !   4       java.nio.file.Files::isDirectory (35 bytes)
Event: 1025.782 Thread 0x000002a47d134030 nmethod 65859 0x000002a424aef890 code [0x000002a424aefa60, 0x000002a424aefdc0]
Event: 1025.782 Thread 0x000002a47d134030 65853       4       com.android.tools.r8.internal.L9::w (27 bytes)
Event: 1025.782 Thread 0x000002a47d134030 nmethod 65853 0x000002a424af0210 code [0x000002a424af03a0, 0x000002a424af0460]
Event: 1025.782 Thread 0x000002a47d134030 65848       4       com.android.tools.r8.graph.B3::<init> (59 bytes)
Event: 1025.783 Thread 0x000002a47d134030 nmethod 65848 0x000002a424af0510 code [0x000002a424af06a0, 0x000002a424af0818]
Event: 1025.791 Thread 0x000002a432757910 nmethod 65858 0x000002a424af0890 code [0x000002a424af0b40, 0x000002a424af19d8]
Event: 1025.813 Thread 0x000002a432757910 65865       4       com.android.tools.r8.internal.Jw::a (834 bytes)
Event: 1025.815 Thread 0x000002a47d134030 65866       4       com.android.tools.r8.internal.gC::a (239 bytes)
Event: 1025.839 Thread 0x000002a432758bc0 65869       3       com.android.tools.r8.internal.jB::Y (42 bytes)
Event: 1025.840 Thread 0x000002a432758bc0 nmethod 65869 0x000002a41d1add90 code [0x000002a41d1adf60, 0x000002a41d1ae348]
Event: 1025.848 Thread 0x000002a47d134030 nmethod 65866 0x000002a424af2290 code [0x000002a424af25c0, 0x000002a424af3940]
Event: 1025.848 Thread 0x000002a47d134030 65868       4       com.android.tools.r8.graph.m4::a (16 bytes)
Event: 1025.850 Thread 0x000002a432757910 nmethod 65865 0x000002a424af4d90 code [0x000002a424af5280, 0x000002a424af6e08]
Event: 1025.850 Thread 0x000002a432757910 65867       4       com.android.tools.r8.internal.v8::a (40 bytes)
Event: 1025.855 Thread 0x000002a47d134030 nmethod 65868 0x000002a424af8990 code [0x000002a424af8b60, 0x000002a424af9360]
Event: 1025.866 Thread 0x000002a432757910 nmethod 65867 0x000002a424af9690 code [0x000002a424af9920, 0x000002a424afa568]
Event: 1025.877 Thread 0x000002a432757910 65870       4       com.android.tools.r8.graph.h4$$Lambda/0x000002a4353b46a8::run (16 bytes)
Event: 1025.878 Thread 0x000002a432757910 nmethod 65870 0x000002a424afb190 code [0x000002a424afb320, 0x000002a424afb410]

GC Heap History (20 events):
Event: 1006.406 GC heap before
{Heap before GC invocations=205 (full 0):
 garbage-first heap   total 1939456K, used 617105K [0x0000000700000000, 0x0000000800000000)
  region size 2048K, 96 young (196608K), 46 survivors (94208K)
 Metaspace       used 147785K, committed 151360K, reserved 1048576K
  class space    used 19254K, committed 20928K, reserved 851968K
}
Event: 1006.454 GC heap after
{Heap after GC invocations=206 (full 0):
 garbage-first heap   total 1939456K, used 536423K [0x0000000700000000, 0x0000000800000000)
  region size 2048K, 45 young (92160K), 45 survivors (92160K)
 Metaspace       used 147785K, committed 151360K, reserved 1048576K
  class space    used 19254K, committed 20928K, reserved 851968K
}
Event: 1012.654 GC heap before
{Heap before GC invocations=207 (full 0):
 garbage-first heap   total 1939456K, used 1613671K [0x0000000700000000, 0x0000000800000000)
  region size 2048K, 568 young (1163264K), 45 survivors (92160K)
 Metaspace       used 147791K, committed 151360K, reserved 1048576K
  class space    used 19254K, committed 20928K, reserved 851968K
}
Event: 1012.834 GC heap after
{Heap after GC invocations=208 (full 0):
 garbage-first heap   total 1939456K, used 638226K [0x0000000700000000, 0x0000000800000000)
  region size 2048K, 71 young (145408K), 71 survivors (145408K)
 Metaspace       used 147791K, committed 151360K, reserved 1048576K
  class space    used 19254K, committed 20928K, reserved 851968K
}
Event: 1014.855 GC heap before
{Heap before GC invocations=208 (full 0):
 garbage-first heap   total 1939456K, used 1656082K [0x0000000700000000, 0x0000000800000000)
  region size 2048K, 568 young (1163264K), 71 survivors (145408K)
 Metaspace       used 147793K, committed 151360K, reserved 1048576K
  class space    used 19254K, committed 20928K, reserved 851968K
}
Event: 1015.078 GC heap after
{Heap after GC invocations=209 (full 0):
 garbage-first heap   total 1939456K, used 730112K [0x0000000700000000, 0x0000000800000000)
  region size 2048K, 50 young (102400K), 50 survivors (102400K)
 Metaspace       used 147793K, committed 151360K, reserved 1048576K
  class space    used 19254K, committed 20928K, reserved 851968K
}
Event: 1016.321 GC heap before
{Heap before GC invocations=209 (full 0):
 garbage-first heap   total 1939456K, used 1389568K [0x0000000700000000, 0x0000000800000000)
  region size 2048K, 372 young (761856K), 50 survivors (102400K)
 Metaspace       used 147794K, committed 151360K, reserved 1048576K
  class space    used 19254K, committed 20928K, reserved 851968K
}
Event: 1016.387 GC heap after
{Heap after GC invocations=210 (full 0):
 garbage-first heap   total 1939456K, used 787456K [0x0000000700000000, 0x0000000800000000)
  region size 2048K, 28 young (57344K), 28 survivors (57344K)
 Metaspace       used 147794K, committed 151360K, reserved 1048576K
  class space    used 19254K, committed 20928K, reserved 851968K
}
Event: 1018.723 GC heap before
{Heap before GC invocations=211 (full 0):
 garbage-first heap   total 1939456K, used 1741824K [0x0000000700000000, 0x0000000800000000)
  region size 2048K, 495 young (1013760K), 28 survivors (57344K)
 Metaspace       used 147794K, committed 151360K, reserved 1048576K
  class space    used 19254K, committed 20928K, reserved 851968K
}
Event: 1018.747 GC heap after
{Heap after GC invocations=212 (full 0):
 garbage-first heap   total 1939456K, used 788480K [0x0000000700000000, 0x0000000800000000)
  region size 2048K, 30 young (61440K), 30 survivors (61440K)
 Metaspace       used 147794K, committed 151360K, reserved 1048576K
  class space    used 19254K, committed 20928K, reserved 851968K
}
Event: 1020.256 GC heap before
{Heap before GC invocations=212 (full 0):
 garbage-first heap   total 1939456K, used 1767424K [0x0000000700000000, 0x0000000800000000)
  region size 2048K, 509 young (1042432K), 30 survivors (61440K)
 Metaspace       used 147798K, committed 151360K, reserved 1048576K
  class space    used 19254K, committed 20928K, reserved 851968K
}
Event: 1020.348 GC heap after
{Heap after GC invocations=213 (full 0):
 garbage-first heap   total 1939456K, used 841728K [0x0000000700000000, 0x0000000800000000)
  region size 2048K, 64 young (131072K), 64 survivors (131072K)
 Metaspace       used 147798K, committed 151360K, reserved 1048576K
  class space    used 19254K, committed 20928K, reserved 851968K
}
Event: 1021.274 GC heap before
{Heap before GC invocations=213 (full 0):
 garbage-first heap   total 1939456K, used 1708032K [0x0000000700000000, 0x0000000800000000)
  region size 2048K, 488 young (999424K), 64 survivors (131072K)
 Metaspace       used 147802K, committed 151360K, reserved 1048576K
  class space    used 19254K, committed 20928K, reserved 851968K
}
Event: 1021.374 GC heap after
{Heap after GC invocations=214 (full 0):
 garbage-first heap   total 1939456K, used 852992K [0x0000000700000000, 0x0000000800000000)
  region size 2048K, 17 young (34816K), 17 survivors (34816K)
 Metaspace       used 147802K, committed 151360K, reserved 1048576K
  class space    used 19254K, committed 20928K, reserved 851968K
}
Event: 1022.785 GC heap before
{Heap before GC invocations=215 (full 0):
 garbage-first heap   total 2301952K, used 1776640K [0x0000000700000000, 0x0000000800000000)
  region size 2048K, 468 young (958464K), 17 survivors (34816K)
 Metaspace       used 147814K, committed 151360K, reserved 1048576K
  class space    used 19255K, committed 20928K, reserved 851968K
}
Event: 1022.868 GC heap after
{Heap after GC invocations=216 (full 0):
 garbage-first heap   total 2301952K, used 872362K [0x0000000700000000, 0x0000000800000000)
  region size 2048K, 26 young (53248K), 26 survivors (53248K)
 Metaspace       used 147814K, committed 151360K, reserved 1048576K
  class space    used 19255K, committed 20928K, reserved 851968K
}
Event: 1024.076 GC heap before
{Heap before GC invocations=216 (full 0):
 garbage-first heap   total 2301952K, used 2097066K [0x0000000700000000, 0x0000000800000000)
  region size 2048K, 625 young (1280000K), 26 survivors (53248K)
 Metaspace       used 147851K, committed 151360K, reserved 1048576K
  class space    used 19261K, committed 20928K, reserved 851968K
}
Event: 1024.144 GC heap after
{Heap after GC invocations=217 (full 0):
 garbage-first heap   total 2301952K, used 914834K [0x0000000700000000, 0x0000000800000000)
  region size 2048K, 56 young (114688K), 56 survivors (114688K)
 Metaspace       used 147851K, committed 151360K, reserved 1048576K
  class space    used 19261K, committed 20928K, reserved 851968K
}
Event: 1025.203 GC heap before
{Heap before GC invocations=217 (full 0):
 garbage-first heap   total 2301952K, used 2065810K [0x0000000700000000, 0x0000000800000000)
  region size 2048K, 619 young (1267712K), 56 survivors (114688K)
 Metaspace       used 147909K, committed 151360K, reserved 1048576K
  class space    used 19270K, committed 20928K, reserved 851968K
}
Event: 1025.272 GC heap after
{Heap after GC invocations=218 (full 0):
 garbage-first heap   total 2301952K, used 951261K [0x0000000700000000, 0x0000000800000000)
  region size 2048K, 52 young (106496K), 52 survivors (106496K)
 Metaspace       used 147909K, committed 151360K, reserved 1048576K
  class space    used 19270K, committed 20928K, reserved 851968K
}

Dll operation events (17 events):
Event: 0.011 Loaded shared library D:\jdk-21\bin\java.dll
Event: 0.041 Loaded shared library D:\jdk-21\bin\jsvml.dll
Event: 0.075 Loaded shared library D:\jdk-21\bin\zip.dll
Event: 0.083 Loaded shared library D:\jdk-21\bin\instrument.dll
Event: 0.086 Loaded shared library D:\jdk-21\bin\net.dll
Event: 0.088 Loaded shared library D:\jdk-21\bin\nio.dll
Event: 0.091 Loaded shared library D:\jdk-21\bin\zip.dll
Event: 0.757 Loaded shared library D:\jdk-21\bin\jimage.dll
Event: 0.986 Loaded shared library D:\jdk-21\bin\verify.dll
Event: 1.044 Loaded shared library C:\Users\xiaocong\.gradle\native\1def1411415f61bf3af743bc5b6707747c0891f09f0c88961ee8f79bc544acac\windows-amd64\native-platform.dll
Event: 1.106 Loaded shared library C:\Users\xiaocong\.gradle\native\0.2.7\x86_64-windows-gnu\gradle-fileevents.dll
Event: 9.231 Loaded shared library D:\jdk-21\bin\management.dll
Event: 9.233 Loaded shared library D:\jdk-21\bin\management_ext.dll
Event: 9.315 Loaded shared library D:\jdk-21\bin\extnet.dll
Event: 9.466 Loaded shared library D:\jdk-21\bin\sunmscapi.dll
Event: 833.858 Loaded shared library C:\Users\xiaocong\AppData\Local\Temp\sqlite-3.36.0-cf5e24fd-a1f7-4ca9-bfad-3fdbbef94a1c-sqlitejdbc.dll
Event: 947.442 Unloaded dll "C:\Users\xiaocong\AppData\Local\Temp\sqlite-3.36.0-cf5e24fd-a1f7-4ca9-bfad-3fdbbef94a1c-sqlitejdbc.dll" [0x0000000070bc0000]

Deoptimization events (20 events):
Event: 1025.733 Thread 0x000002a46e048d40 DEOPT PACKING pc=0x000002a41b8acb42 sp=0x000000ceb06f6cd0
Event: 1025.733 Thread 0x000002a46e048d40 DEOPT UNPACKING pc=0x000002a422aa4e42 sp=0x000000ceb06f6548 mode 0
Event: 1025.739 Thread 0x000002a46e04b4a0 DEOPT PACKING pc=0x000002a41b8ad138 sp=0x000000ceae9fa040
Event: 1025.739 Thread 0x000002a46e04b4a0 DEOPT UNPACKING pc=0x000002a422aa4e42 sp=0x000000ceae9f98b0 mode 0
Event: 1025.747 Thread 0x000002a46e047990 DEOPT PACKING pc=0x000002a41b8ad138 sp=0x000000ceaeefa620
Event: 1025.747 Thread 0x000002a46e047990 DEOPT UNPACKING pc=0x000002a422aa4e42 sp=0x000000ceaeef9e90 mode 0
Event: 1025.749 Thread 0x000002a46e04b4a0 DEOPT PACKING pc=0x000002a41b8ad138 sp=0x000000ceae9f9bc0
Event: 1025.749 Thread 0x000002a46e04b4a0 DEOPT UNPACKING pc=0x000002a422aa4e42 sp=0x000000ceae9f9430 mode 0
Event: 1025.752 Thread 0x000002a46e047990 DEOPT PACKING pc=0x000002a41b8acb42 sp=0x000000ceaeefa1a0
Event: 1025.752 Thread 0x000002a46e047990 DEOPT UNPACKING pc=0x000002a422aa4e42 sp=0x000000ceaeef9a18 mode 0
Event: 1025.753 Thread 0x000002a46e047990 DEOPT PACKING pc=0x000002a41b94a1af sp=0x000000ceaeefa140
Event: 1025.753 Thread 0x000002a46e047990 DEOPT UNPACKING pc=0x000002a422aa4e42 sp=0x000000ceaeef9a18 mode 0
Event: 1025.759 Thread 0x000002a47435ec10 DEOPT PACKING pc=0x000002a41b8ac322 sp=0x000000ceb0bfa4c0
Event: 1025.759 Thread 0x000002a47435ec10 DEOPT UNPACKING pc=0x000002a422aa4e42 sp=0x000000ceb0bf9d38 mode 0
Event: 1025.760 Thread 0x000002a46e04b4a0 DEOPT PACKING pc=0x000002a41b8ac322 sp=0x000000ceae9f9bc0
Event: 1025.760 Thread 0x000002a46e047990 DEOPT PACKING pc=0x000002a41b8ac37d sp=0x000000ceaeefa1a0
Event: 1025.760 Thread 0x000002a46e04b4a0 DEOPT UNPACKING pc=0x000002a422aa4e42 sp=0x000000ceae9f9438 mode 0
Event: 1025.760 Thread 0x000002a46e047990 DEOPT UNPACKING pc=0x000002a422aa4e42 sp=0x000000ceaeef9a10 mode 0
Event: 1025.763 Thread 0x000002a46e047990 DEOPT PACKING pc=0x000002a41b94afc5 sp=0x000000ceaeefa140
Event: 1025.763 Thread 0x000002a46e047990 DEOPT UNPACKING pc=0x000002a422aa4e42 sp=0x000000ceaeef9a10 mode 0

Classes loaded (20 events):
Event: 940.112 Loading class java/util/SortedSet$1
Event: 940.112 Loading class java/util/SortedSet$1 done
Event: 940.131 Loading class java/util/stream/SliceOps
Event: 940.131 Loading class java/util/stream/SliceOps done
Event: 940.132 Loading class java/util/stream/SliceOps$1
Event: 940.132 Loading class java/util/stream/SliceOps$1 done
Event: 940.132 Loading class java/util/stream/SliceOps$1$1
Event: 940.132 Loading class java/util/stream/SliceOps$1$1 done
Event: 940.814 Loading class java/util/IdentityHashMap$ValueIterator
Event: 940.817 Loading class java/util/IdentityHashMap$ValueIterator done
Event: 942.600 Loading class java/nio/ShortBuffer
Event: 942.600 Loading class java/nio/ShortBuffer done
Event: 942.849 Loading class java/nio/ByteBufferAsShortBufferL
Event: 942.849 Loading class java/nio/ByteBufferAsShortBufferL done
Event: 942.861 Loading class java/util/zip/Adler32
Event: 942.861 Loading class java/util/zip/Adler32 done
Event: 1025.051 Loading class java/util/IdentityHashMap$EntryIterator
Event: 1025.056 Loading class java/util/IdentityHashMap$EntryIterator done
Event: 1025.056 Loading class java/util/IdentityHashMap$EntryIterator$Entry
Event: 1025.057 Loading class java/util/IdentityHashMap$EntryIterator$Entry done

Classes unloaded (20 events):
Event: 947.313 Thread 0x000002a42fc6e7b0 Unloading class 0x000002a434ffa850 'kotlin/SynchronizedLazyImpl'
Event: 947.313 Thread 0x000002a42fc6e7b0 Unloading class 0x000002a434ffa658 'kotlin/Lazy'
Event: 947.313 Thread 0x000002a42fc6e7b0 Unloading class 0x000002a434ffa400 'kotlin/NoWhenBranchMatchedException'
Event: 947.313 Thread 0x000002a42fc6e7b0 Unloading class 0x000002a434ffa200 'kotlin/LazyKt'
Event: 947.313 Thread 0x000002a42fc6e7b0 Unloading class 0x000002a434ffa000 'kotlin/LazyKt__LazyKt'
Event: 947.313 Thread 0x000002a42fc6e7b0 Unloading class 0x000002a434ff9cb8 'kotlin/LazyKt__LazyJVMKt'
Event: 947.313 Thread 0x000002a42fc6e7b0 Unloading class 0x000002a434ff9a78 'androidx/room/compiler/processing/javac/JavacBasicAnnotationProcessor$xEnv$2'
Event: 947.313 Thread 0x000002a42fc6e7b0 Unloading class 0x000002a434ff9880 'kotlin/jvm/functions/Function0'
Event: 947.313 Thread 0x000002a42fc6e7b0 Unloading class 0x000002a434ff9620 'kotlin/KotlinNullPointerException'
Event: 947.313 Thread 0x000002a42fc6e7b0 Unloading class 0x000002a434ff93c8 'kotlin/UninitializedPropertyAccessException'
Event: 947.313 Thread 0x000002a42fc6e7b0 Unloading class 0x000002a434ff91c8 'kotlin/jvm/internal/Intrinsics'
Event: 947.313 Thread 0x000002a42fc6e7b0 Unloading class 0x000002a434ff8f90 'androidx/room/RoomProcessor$1'
Event: 947.313 Thread 0x000002a42fc6e7b0 Unloading class 0x000002a434ff8d70 'kotlin/jvm/internal/Lambda'
Event: 947.313 Thread 0x000002a42fc6e7b0 Unloading class 0x000002a434ff8b78 'kotlin/jvm/internal/FunctionBase'
Event: 947.313 Thread 0x000002a42fc6e7b0 Unloading class 0x000002a434ff8980 'kotlin/jvm/functions/Function1'
Event: 947.313 Thread 0x000002a42fc6e7b0 Unloading class 0x000002a434ff8788 'kotlin/Function'
Event: 947.313 Thread 0x000002a42fc6e7b0 Unloading class 0x000002a434ff84c0 'androidx/room/RoomProcessor'
Event: 947.313 Thread 0x000002a42fc6e7b0 Unloading class 0x000002a434ff81f8 'androidx/room/compiler/processing/javac/JavacBasicAnnotationProcessor'
Event: 947.313 Thread 0x000002a42fc6e7b0 Unloading class 0x000002a434ff8000 'androidx/room/compiler/processing/XBasicAnnotationProcessor'
Event: 947.313 Thread 0x000002a42fc6e7b0 Unloading class 0x000002a434ff2c00 'com/bumptech/glide/annotation/compiler/GlideAnnotationProcessor'

Classes redefined (0 events):
No events

Internal exceptions (20 events):
Event: 991.978 Thread 0x000002a46e048d40 Exception <a 'sun/nio/fs/WindowsException'{0x00000007ffb7d728}> (0x00000007ffb7d728) 
thrown [s\open\src\hotspot\share\prims\jni.cpp, line 520]
Event: 991.981 Thread 0x000002a46ec510c0 Exception <a 'sun/nio/fs/WindowsException'{0x00000007ff9390b8}> (0x00000007ff9390b8) 
thrown [s\open\src\hotspot\share\prims\jni.cpp, line 520]
Event: 992.018 Thread 0x000002a46e04b4a0 Exception <a 'sun/nio/fs/WindowsException'{0x000000073f600000}> (0x000000073f600000) 
thrown [s\open\src\hotspot\share\prims\jni.cpp, line 520]
Event: 993.615 Thread 0x000002a46e0465e0 Exception <a 'sun/nio/fs/WindowsException'{0x0000000729b94b68}> (0x0000000729b94b68) 
thrown [s\open\src\hotspot\share\prims\jni.cpp, line 520]
Event: 994.073 Thread 0x000002a474360ce0 Exception <a 'sun/nio/fs/WindowsException'{0x000000073e113970}> (0x000000073e113970) 
thrown [s\open\src\hotspot\share\prims\jni.cpp, line 520]
Event: 994.696 Thread 0x000002a46e04a0f0 Exception <a 'sun/nio/fs/WindowsException'{0x000000073ab64938}> (0x000000073ab64938) 
thrown [s\open\src\hotspot\share\prims\jni.cpp, line 520]
Event: 997.420 Thread 0x000002a46e04ae10 Exception <a 'sun/nio/fs/WindowsException'{0x000000074882f9b0}> (0x000000074882f9b0) 
thrown [s\open\src\hotspot\share\prims\jni.cpp, line 520]
Event: 997.777 Thread 0x000002a474360ce0 Exception <a 'sun/nio/fs/WindowsException'{0x0000000747eb5b28}> (0x0000000747eb5b28) 
thrown [s\open\src\hotspot\share\prims\jni.cpp, line 520]
Event: 997.825 Thread 0x000002a46e04a0f0 Exception <a 'sun/nio/fs/WindowsException'{0x0000000748666290}> (0x0000000748666290) 
thrown [s\open\src\hotspot\share\prims\jni.cpp, line 520]
Event: 998.662 Thread 0x000002a46e0465e0 Exception <a 'sun/nio/fs/WindowsException'{0x00000007489c38b0}> (0x00000007489c38b0) 
thrown [s\open\src\hotspot\share\prims\jni.cpp, line 520]
Event: 999.854 Thread 0x000002a474360ce0 Implicit null exception at 0x000002a42461c0ce to 0x000002a42461c124
Event: 1000.079 Thread 0x000002a46e04ae10 Exception <a 'sun/nio/fs/WindowsException'{0x000000073d287a80}> (0x000000073d287a80) 
thrown [s\open\src\hotspot\share\prims\jni.cpp, line 520]
Event: 1000.218 Thread 0x000002a46e04ae10 Exception <a 'sun/nio/fs/WindowsException'{0x000000073d2ffcd0}> (0x000000073d2ffcd0) 
thrown [s\open\src\hotspot\share\prims\jni.cpp, line 520]
Event: 1000.624 Thread 0x000002a46e04a0f0 Exception <a 'sun/nio/fs/WindowsException'{0x000000072ae57a98}> (0x000000072ae57a98) 
thrown [s\open\src\hotspot\share\prims\jni.cpp, line 520]
Event: 1001.382 Thread 0x000002a46e04a0f0 Exception <a 'sun/nio/fs/WindowsException'{0x0000000775023ad8}> (0x0000000775023ad8) 
thrown [s\open\src\hotspot\share\prims\jni.cpp, line 520]
Event: 1006.605 Thread 0x000002a474360ce0 Exception <a 'sun/nio/fs/WindowsException'{0x00000007747ef310}> (0x00000007747ef310) 
thrown [s\open\src\hotspot\share\prims\jni.cpp, line 520]
Event: 1010.860 Thread 0x000002a474360ce0 Exception <a 'sun/nio/fs/WindowsException'{0x00000007661a2f28}> (0x00000007661a2f28) 
thrown [s\open\src\hotspot\share\prims\jni.cpp, line 520]
Event: 1011.075 Thread 0x000002a47435f930 Exception <a 'sun/nio/fs/WindowsException'{0x0000000741648598}> (0x0000000741648598) 
thrown [s\open\src\hotspot\share\prims\jni.cpp, line 520]
Event: 1019.647 Thread 0x000002a47435f930 Exception <a 'sun/nio/fs/WindowsException'{0x0000000774c63b18}> (0x0000000774c63b18) 
thrown [s\open\src\hotspot\share\prims\jni.cpp, line 520]
Event: 1024.348 Thread 0x000002a474360ce0 Exception <a 'sun/nio/fs/WindowsException'{0x0000000784556e98}> (0x0000000784556e98) 
thrown [s\open\src\hotspot\share\prims\jni.cpp, line 520]

ZGC Phase Switch (0 events):
No events

VM Operations (20 events):
Event: 1021.705 Executing VM operation: HandshakeAllThreads (Deoptimize) done
Event: 1021.738 Executing VM operation: HandshakeAllThreads (Deoptimize)
Event: 1021.739 Executing VM operation: HandshakeAllThreads (Deoptimize) done
Event: 1021.935 Executing VM operation: G1PauseRemark
Event: 1021.958 Executing VM operation: G1PauseRemark done
Event: 1022.352 Executing VM operation: G1PauseCleanup
Event: 1022.439 Executing VM operation: G1PauseCleanup done
Event: 1022.673 Executing VM operation: HandshakeAllThreads (HandshakeForDeflation)
Event: 1022.771 Executing VM operation: HandshakeAllThreads (HandshakeForDeflation) done
Event: 1022.771 Executing VM operation: G1CollectForAllocation (G1 Evacuation Pause)
Event: 1022.870 Executing VM operation: G1CollectForAllocation (G1 Evacuation Pause) done
Event: 1022.871 Executing VM operation: RendezvousGCThreads
Event: 1022.871 Executing VM operation: RendezvousGCThreads done
Event: 1023.875 Executing VM operation: Cleanup
Event: 1023.885 Executing VM operation: Cleanup done
Event: 1024.069 Executing VM operation: G1CollectForAllocation (G1 Evacuation Pause)
Event: 1024.147 Executing VM operation: G1CollectForAllocation (G1 Evacuation Pause) done
Event: 1025.157 Executing VM operation: G1CollectForAllocation (G1 Evacuation Pause)
Event: 1025.288 Executing VM operation: G1CollectForAllocation (G1 Evacuation Pause) done
Event: 1025.890 Executing VM operation: G1PauseRemark

Events (20 events):
Event: 1025.992 Thread 0x000002a42fc6e7b0 flushing nmethod 0x000002a41b680690
Event: 1025.992 Thread 0x000002a42fc6e7b0 flushing nmethod 0x000002a41b679710
Event: 1025.992 Thread 0x000002a42fc6e7b0 flushing nmethod 0x000002a41b5b0d90
Event: 1025.992 Thread 0x000002a42fc6e7b0 flushing nmethod 0x000002a41b5ef290
Event: 1025.992 Thread 0x000002a42fc6e7b0 flushing nmethod 0x000002a41b630610
Event: 1025.992 Thread 0x000002a42fc6e7b0 flushing nmethod 0x000002a41b5d2290
Event: 1025.992 Thread 0x000002a42fc6e7b0 flushing nmethod 0x000002a41b592310
Event: 1025.992 Thread 0x000002a42fc6e7b0 flushing nmethod 0x000002a41b590b90
Event: 1025.992 Thread 0x000002a42fc6e7b0 flushing nmethod 0x000002a4248bae10
Event: 1025.992 Thread 0x000002a42fc6e7b0 flushing nmethod 0x000002a424775010
Event: 1025.992 Thread 0x000002a42fc6e7b0 flushing nmethod 0x000002a424226490
Event: 1025.992 Thread 0x000002a42fc6e7b0 flushing nmethod 0x000002a424395c10
Event: 1025.992 Thread 0x000002a42fc6e7b0 flushing nmethod 0x000002a4243c1b10
Event: 1025.992 Thread 0x000002a42fc6e7b0 flushing nmethod 0x000002a424311590
Event: 1025.992 Thread 0x000002a42fc6e7b0 flushing nmethod 0x000002a423f5b810
Event: 1025.992 Thread 0x000002a42fc6e7b0 flushing nmethod 0x000002a424044710
Event: 1025.992 Thread 0x000002a42fc6e7b0 flushing nmethod 0x000002a424000910
Event: 1025.992 Thread 0x000002a42fc6e7b0 flushing nmethod 0x000002a423803390
Event: 1025.993 Thread 0x000002a42fc6e7b0 flushing nmethod 0x000002a4234cc190
Event: 1025.993 Thread 0x000002a42fc6e7b0 flushing nmethod 0x000002a4231cfb90


Dynamic libraries:
0x00007ff6803d0000 - 0x00007ff6803e0000 	D:\jdk-21\bin\java.exe
0x00007ffde24d0000 - 0x00007ffde26c8000 	C:\Windows\SYSTEM32\ntdll.dll
0x00007ffde0850000 - 0x00007ffde090f000 	C:\Windows\System32\KERNEL32.DLL
0x00007ffddfbb0000 - 0x00007ffddfea6000 	C:\Windows\System32\KERNELBASE.dll
0x00007ffd68a80000 - 0x00007ffd68b32000 	c:\Users\xiaocong\AppData\Local\Programs\TRAE SOLO CN\resources\app\modules\ai-agent\x64\vm_core.dll
0x00007ffde0110000 - 0x00007ffde0210000 	C:\Windows\System32\ucrtbase.dll
0x00007ffd95630000 - 0x00007ffd9564b000 	D:\jdk-21\bin\VCRUNTIME140.dll
0x00007ffd95650000 - 0x00007ffd95669000 	D:\jdk-21\bin\jli.dll
0x00007ffde15d0000 - 0x00007ffde167f000 	C:\Windows\System32\ADVAPI32.dll
0x00007ffde17a0000 - 0x00007ffde183e000 	C:\Windows\System32\msvcrt.dll
0x00007ffde0c10000 - 0x00007ffde0cac000 	C:\Windows\System32\sechost.dll
0x00007ffde0940000 - 0x00007ffde0a66000 	C:\Windows\System32\RPCRT4.dll
0x00007ffde0a70000 - 0x00007ffde0c0d000 	C:\Windows\System32\USER32.dll
0x00007ffdd1290000 - 0x00007ffdd152a000 	C:\Windows\WinSxS\amd64_microsoft.windows.common-controls_6595b64144ccf1df_6.0.19041.1110_none_60b5254171f9507e\COMCTL32.dll
0x00007ffde00b0000 - 0x00007ffde00d2000 	C:\Windows\System32\win32u.dll
0x00007ffde0760000 - 0x00007ffde078c000 	C:\Windows\System32\GDI32.dll
0x00007ffde0210000 - 0x00007ffde0325000 	C:\Windows\System32\gdi32full.dll
0x00007ffde0010000 - 0x00007ffde00ad000 	C:\Windows\System32\msvcp_win.dll
0x00007ffdd8c90000 - 0x00007ffdd8c9a000 	C:\Windows\SYSTEM32\VERSION.dll
0x00007ffd68b40000 - 0x00007ffd68bd0000 	c:\Users\xiaocong\AppData\Local\Programs\TRAE SOLO CN\resources\app\modules\ai-agent\x64\sbox_ipc.dll
0x00007ffde0910000 - 0x00007ffde0940000 	C:\Windows\System32\IMM32.DLL
0x00007ffdcd1f0000 - 0x00007ffdcd3d4000 	C:\Windows\SYSTEM32\dbghelp.dll
0x00007ffdc6bb0000 - 0x00007ffdc6be4000 	C:\Windows\SYSTEM32\dbgcore.DLL
0x00007ffdbdc50000 - 0x00007ffdbdc5c000 	D:\jdk-21\bin\vcruntime140_1.dll
0x00007ffd7f160000 - 0x00007ffd7f1ee000 	D:\jdk-21\bin\msvcp140.dll
0x00007ffd62780000 - 0x00007ffd63493000 	D:\jdk-21\bin\server\jvm.dll
0x00007ffde13b0000 - 0x00007ffde141b000 	C:\Windows\System32\WS2_32.dll
0x00007ffddf5f0000 - 0x00007ffddf63b000 	C:\Windows\SYSTEM32\POWRPROF.dll
0x00007ffdce8a0000 - 0x00007ffdce8c7000 	C:\Windows\SYSTEM32\WINMM.dll
0x00007ffddf5a0000 - 0x00007ffddf5b2000 	C:\Windows\SYSTEM32\UMPDC.dll
0x00007ffddda90000 - 0x00007ffdddaa2000 	C:\Windows\SYSTEM32\kernel.appcore.dll
0x00007ffdbd750000 - 0x00007ffdbd75a000 	D:\jdk-21\bin\jimage.dll
0x00007ffde03e0000 - 0x00007ffde0462000 	C:\Windows\System32\bcryptPrimitives.dll
0x00007ffdbcb20000 - 0x00007ffdbcb2f000 	D:\jdk-21\bin\instrument.dll
0x00007ffd93dc0000 - 0x00007ffd93ddf000 	D:\jdk-21\bin\java.dll
0x00007ffde1ce0000 - 0x00007ffde2424000 	C:\Windows\System32\SHELL32.dll
0x00007ffdddc90000 - 0x00007ffdde423000 	C:\Windows\SYSTEM32\windows.storage.dll
0x00007ffde1980000 - 0x00007ffde1cd4000 	C:\Windows\System32\combase.dll
0x00007ffddf5c0000 - 0x00007ffddf5ee000 	C:\Windows\SYSTEM32\Wldp.dll
0x00007ffde0790000 - 0x00007ffde083d000 	C:\Windows\System32\SHCORE.dll
0x00007ffde1840000 - 0x00007ffde1895000 	C:\Windows\System32\shlwapi.dll
0x00007ffddfaf0000 - 0x00007ffddfb0f000 	C:\Windows\SYSTEM32\profapi.dll
0x00007ffd7b8f0000 - 0x00007ffd7b9c7000 	D:\jdk-21\bin\jsvml.dll
0x00007ffd82f00000 - 0x00007ffd82f18000 	D:\jdk-21\bin\zip.dll
0x00007ffdbc5a0000 - 0x00007ffdbc5b0000 	D:\jdk-21\bin\net.dll
0x00007ffdd8b60000 - 0x00007ffdd8c6a000 	C:\Windows\SYSTEM32\WINHTTP.dll
0x00007ffddf290000 - 0x00007ffddf2fa000 	C:\Windows\system32\mswsock.dll
0x00007ffd80de0000 - 0x00007ffd80df6000 	D:\jdk-21\bin\nio.dll
0x00007ffdbacd0000 - 0x00007ffdbace0000 	D:\jdk-21\bin\verify.dll
0x00007ffdd3580000 - 0x00007ffdd35a7000 	C:\Users\xiaocong\.gradle\native\1def1411415f61bf3af743bc5b6707747c0891f09f0c88961ee8f79bc544acac\windows-amd64\native-platform.dll
0x00007ffd7ea40000 - 0x00007ffd7eab8000 	C:\Users\xiaocong\.gradle\native\0.2.7\x86_64-windows-gnu\gradle-fileevents.dll
0x00007ffdbaa10000 - 0x00007ffdbaa1a000 	D:\jdk-21\bin\management.dll
0x00007ffdba250000 - 0x00007ffdba25b000 	D:\jdk-21\bin\management_ext.dll
0x00007ffde1680000 - 0x00007ffde1688000 	C:\Windows\System32\PSAPI.DLL
0x00007ffddef80000 - 0x00007ffddefbc000 	C:\Windows\SYSTEM32\IPHLPAPI.DLL
0x00007ffde0840000 - 0x00007ffde0848000 	C:\Windows\System32\NSI.dll
0x00007ffddb710000 - 0x00007ffddb717000 	D:\jdk-21\bin\extnet.dll
0x00007ffddf4f0000 - 0x00007ffddf508000 	C:\Windows\SYSTEM32\CRYPTSP.dll
0x00007ffddebb0000 - 0x00007ffddebe4000 	C:\Windows\system32\rsaenh.dll
0x00007ffde00e0000 - 0x00007ffde0107000 	C:\Windows\System32\bcrypt.dll
0x00007ffddfab0000 - 0x00007ffddfade000 	C:\Windows\SYSTEM32\USERENV.dll
0x00007ffddf510000 - 0x00007ffddf51c000 	C:\Windows\SYSTEM32\CRYPTBASE.dll
0x00007ffdc7be0000 - 0x00007ffdc7bee000 	D:\jdk-21\bin\sunmscapi.dll
0x00007ffddfeb0000 - 0x00007ffde000e000 	C:\Windows\System32\CRYPT32.dll
0x00007ffddf680000 - 0x00007ffddf6a8000 	C:\Windows\SYSTEM32\ncrypt.dll
0x00007ffddf640000 - 0x00007ffddf67b000 	C:\Windows\SYSTEM32\NTASN1.dll
0x00007ffdbd0d0000 - 0x00007ffdbd0d7000 	C:\Windows\system32\wshunix.dll
0x00007ffddd5c0000 - 0x00007ffddd65e000 	C:\Windows\system32\uxtheme.dll
0x00007ffde1690000 - 0x00007ffde1739000 	C:\Windows\System32\clbcatq.dll
0x00007ffde1240000 - 0x00007ffde130d000 	C:\Windows\System32\oleaut32.dll
0x00007ffde14a0000 - 0x00007ffde15ca000 	C:\Windows\System32\ole32.dll
0x00007ffde0470000 - 0x00007ffde04be000 	C:\Windows\System32\CFGMGR32.dll
0x00007ffddb730000 - 0x00007ffddb826000 	C:\Windows\SYSTEM32\PROPSYS.dll
0x00007ffddecd0000 - 0x00007ffdded03000 	C:\Windows\SYSTEM32\ntmarta.dll
0x00007ffdb62b0000 - 0x00007ffdb6311000 	C:\Windows\System32\Windows.FileExplorer.Common.dll
0x00007ffdd2b30000 - 0x00007ffdd2de1000 	C:\Windows\System32\iertutil.dll
0x00007ffdb9240000 - 0x00007ffdb9262000 	C:\Windows\System32\cldapi.dll
0x00007ffdc4150000 - 0x00007ffdc415b000 	C:\Windows\System32\FLTLIB.DLL
0x00007ffddfa70000 - 0x00007ffddfaa2000 	C:\Windows\SYSTEM32\SspiCli.dll
0x00007ffddefc0000 - 0x00007ffddf08b000 	C:\Windows\SYSTEM32\DNSAPI.dll
0x00007ffdced10000 - 0x00007ffdced1a000 	C:\Windows\System32\rasadhlp.dll
0x00007ffdcf380000 - 0x00007ffdcf402000 	C:\Windows\System32\fwpuclnt.dll
0x00007ffde1420000 - 0x00007ffde1499000 	C:\Windows\System32\coml2.dll

dbghelp: loaded successfully - version: 4.0.5 - missing functions: none
symbol engine: initialized successfully - sym options: 0x614 - pdb path: .;D:\jdk-21\bin;C:\Windows\SYSTEM32;c:\Users\xiaocong\AppData\Local\Programs\TRAE SOLO CN\resources\app\modules\ai-agent\x64;C:\Windows\WinSxS\amd64_microsoft.windows.common-controls_6595b64144ccf1df_6.0.19041.1110_none_60b5254171f9507e;D:\jdk-21\bin\server;C:\Users\xiaocong\.gradle\native\1def1411415f61bf3af743bc5b6707747c0891f09f0c88961ee8f79bc544acac\windows-amd64;C:\Users\xiaocong\.gradle\native\0.2.7\x86_64-windows-gnu;C:\Users\xiaocong\AppData\Local\Temp

VM Arguments:
jvm_args: --add-opens=java.base/java.lang=ALL-UNNAMED --add-opens=java.base/java.lang.invoke=ALL-UNNAMED --add-opens=java.base/java.util=ALL-UNNAMED --add-opens=java.prefs/java.util.prefs=ALL-UNNAMED --add-exports=jdk.compiler/com.sun.tools.javac.api=ALL-UNNAMED --add-exports=jdk.compiler/com.sun.tools.javac.util=ALL-UNNAMED --add-opens=java.base/java.util=ALL-UNNAMED --add-opens=java.prefs/java.util.prefs=ALL-UNNAMED --add-opens=java.base/java.nio.charset=ALL-UNNAMED --add-opens=java.base/java.net=ALL-UNNAMED --add-opens=java.base/java.util.concurrent.atomic=ALL-UNNAMED --add-opens=java.xml/javax.xml.namespace=ALL-UNNAMED -XX:MaxMetaspaceSize=1g -XX:+HeapDumpOnOutOfMemoryError -Xmx4g -Dfile.encoding=UTF-8 -Duser.country=CN -Duser.language=zh -Duser.variant -javaagent:C:\Users\xiaocong\.gradle\wrapper\dists\gradle-8.14-bin\2yc9rdobpnrnzfbln4rtd27yw\gradle-8.14\lib\agents\gradle-instrumentation-agent-8.14.jar 
java_command: org.gradle.launcher.daemon.bootstrap.GradleDaemon 8.14
java_class_path (initial): C:\Users\xiaocong\.gradle\wrapper\dists\gradle-8.14-bin\2yc9rdobpnrnzfbln4rtd27yw\gradle-8.14\lib\gradle-daemon-main-8.14.jar
Launcher Type: SUN_STANDARD

[Global flags]
     intx CICompilerCount                          = 4                                         {product} {ergonomic}
   size_t CompressedClassSpaceSize                 = 872415232                                 {product} {ergonomic}
     uint ConcGCThreads                            = 3                                         {product} {ergonomic}
     uint G1ConcRefinementThreads                  = 10                                        {product} {ergonomic}
   size_t G1HeapRegionSize                         = 2097152                                   {product} {ergonomic}
    uintx GCDrainStackTargetSize                   = 64                                        {product} {ergonomic}
     bool HeapDumpOnOutOfMemoryError               = true                                   {manageable} {command line}
   size_t InitialHeapSize                          = 268435456                                 {product} {ergonomic}
   size_t MarkStackSize                            = 4194304                                   {product} {ergonomic}
   size_t MaxHeapSize                              = 4294967296                                {product} {command line}
   size_t MaxMetaspaceSize                         = 1073741824                                {product} {command line}
   size_t MaxNewSize                               = 2575302656                                {product} {ergonomic}
   size_t MinHeapDeltaBytes                        = 2097152                                   {product} {ergonomic}
   size_t MinHeapSize                              = 8388608                                   {product} {ergonomic}
    uintx NonNMethodCodeHeapSize                   = 5839372                                {pd product} {ergonomic}
    uintx NonProfiledCodeHeapSize                  = 122909434                              {pd product} {ergonomic}
    uintx ProfiledCodeHeapSize                     = 122909434                              {pd product} {ergonomic}
    uintx ReservedCodeCacheSize                    = 251658240                              {pd product} {ergonomic}
     bool SegmentedCodeCache                       = true                                      {product} {ergonomic}
   size_t SoftMaxHeapSize                          = 4294967296                             {manageable} {ergonomic}
     bool UseCompressedOops                        = true                           {product lp64_product} {ergonomic}
     bool UseG1GC                                  = true                                      {product} {ergonomic}
     bool UseLargePagesIndividualAllocation        = false                                  {pd product} {ergonomic}

Logging:
Log output configuration:
 #0: stdout all=warning uptime,level,tags foldmultilines=false
 #1: stderr all=off uptime,level,tags foldmultilines=false

Environment Variables:
JAVA_HOME=D:\jdk-21
PATH=c:\Users\xiaocong\AppData\Local\Programs\TRAE SOLO CN\resources\app\bin;C:\Users\xiaocong\AppData\Roaming\TRAE SOLO CN\ModularData\ai-agent\vm\tools\python;C:\Users\xiaocong\AppData\Roaming\TRAE SOLO CN\ModularData\ai-agent\vm\tools\node;C:\Users\xiaocong\AppData\Roaming\TRAE SOLO CN\ModularData\ai-agent\vm\tools\app\jre\bin;C:\Users\xiaocong\AppData\Roaming\TRAE SOLO CN\ModularData\ai-agent\vm\tools\bin;c:\Users\xiaocong\AppData\Local\Programs\TRAE SOLO CN\resources\app\modules\ai-agent\bin;c:\Users\xiaocong\AppData\Local\Programs\TRAE SOLO CN\resources\app\bin;C:\Users\xiaocong\AppData\Roaming\TRAE SOLO CN\ModularData\ai-agent\vm\tools\python;C:\Users\xiaocong\AppData\Roaming\TRAE SOLO CN\ModularData\ai-agent\vm\tools\node;C:\Users\xiaocong\AppData\Roaming\TRAE SOLO CN\ModularData\ai-agent\vm\tools\app\jre\bin;C:\Users\xiaocong\AppData\Roaming\TRAE SOLO CN\ModularData\ai-agent\vm\tools\bin;c:\Users\xiaocong\AppData\Local\Programs\TRAE SOLO CN\resources\app\modules\ai-agent\bin;c:\Users\xiaocong\AppData\Local\Programs\TRAE SOLO CN\resources\app\bin;C:\Users\xiaocong\AppData\Roaming\TRAE SOLO CN\ModularData\ai-agent\vm\tools\python;C:\Users\xiaocong\AppData\Roaming\TRAE SOLO CN\ModularData\ai-agent\vm\tools\node;C:\Users\xiaocong\AppData\Roaming\TRAE SOLO CN\ModularData\ai-agent\vm\tools\app\jre\bin;C:\Users\xiaocong\AppData\Roaming\TRAE SOLO CN\ModularData\ai-agent\vm\tools\bin;C:\Windows\system32;C:\Windows;C:\Windows\System32\Wbem;C:\Windows\System32\WindowsPowerShell\v1.0\;C:\Windows\System32\OpenSSH\;C:\Program Files\Git\cmd;C:\Users\xiaocong\AppData\Local\Programs\Python\Python312\Scripts\;C:\Users\xiaocong\AppData\Local\Programs\Python\Python312\;C:\Users\xiaocong\AppData\Local\Programs\Python\Launcher\;D:\jdk-21\bin;C:\Users\xiaocong\.local\bin;C:\Program Files\CMake\bin;C:\Users\xiaocong\.mimocode\bin;D:\jdk-21\bin;C:\Users\xiaocong\.trae-cn\tools\maven\latest\bin;C:\Users\xiaocong\.trae-cn\tools\gradle\latest\bin;c:\Users\xiaocong\.trae-cn\tools\trae-gopls\current;c:\Users\xiaocong\.trae-cn\sdks\workspaces\d0397984\versions\node\current;c:\Users\xiaocong\.trae-cn\sdks\versions\node\current;C:\Windows\system32;C:\Windows;C:\Windows\System32\Wbem;C:\Windows\System32\WindowsPowerShell\v1.0\;C:\Windows\System32\OpenSSH\;C:\Program Files\Git\cmd;C:\Users\xiaocong\AppData\Local\Programs\Python\Python312\Scripts\;C:\Users\xiaocong\AppData\Local\Programs\Python\Python312\;C:\Users\xiaocong\AppData\Local\Programs\Python\Launcher\;D:\jdk-21\bin;C:\Users\xiaocong\.local\bin;C:\Program Files\CMake\bin;C:\Users\xiaocong\AppData\Local\Programs\Python\Python312\Scripts\;C:\Users\xiaocong\AppData\Local\Programs\Python\Python312\;C:\Users\xiaocong\AppData\Local\Programs\Python\Launcher\;D:\jdk-21\bin;C:\Users\xiaocong\.local\bin;C:\Users\xiaocong\AppData\Local\Programs\Ollama;c:\Users\xiaocong\.trae-cn\extensions\vscjava.vscode-java-debug-0.58.5-universal\bundled\scripts\noConfigScripts;D:\Android\Sdk\platform-tools;C:\msys64\mingw64\bin;C:\Users\xiaocong\AppData\Local\Programs\cursor\resources\app\bin;C:\Users\xiaocong\AppData\Local\Programs\Comate\bin;D:\Android\Sdk\ndk\26.1.10909125\toolchains\llvm\prebuilt\windows-x86_64\bin;c:\Users\xiaocong\AppData\Local\Programs\TRAE SOLO CN\resources\app\bin\lib
USERNAME=xiaocong
LANG=C.UTF-8
TERM=dumb
OS=Windows_NT
PROCESSOR_IDENTIFIER=Intel64 Family 6 Model 165 Stepping 3, GenuineIntel
TMP=C:\Users\xiaocong\AppData\Local\Temp
TEMP=C:\Users\xiaocong\AppData\Local\Temp




---------------  S Y S T E M  ---------------

OS:
 Windows 10 , 64 bit Build 19041 (10.0.19041.2913)
OS uptime: 13 days 15:51 hours

CPU: total 12 (initial active 12) (6 cores per cpu, 2 threads per core) family 6 model 165 stepping 3 microcode 0xcc, cx8, cmov, fxsr, ht, mmx, 3dnowpref, sse, sse2, sse3, ssse3, sse4.1, sse4.2, popcnt, lzcnt, tsc, tscinvbit, avx, avx2, aes, erms, clmul, bmi1, bmi2, adx, fma, vzeroupper, clflush, clflushopt, rdtscp, f16c
Processor Information for all 12 processors :
  Max Mhz: 2904, Current Mhz: 2904, Mhz Limit: 2904

Memory: 4k page, system-wide physical 16312M (522M free)
TotalPageFile size 31720M (AvailPageFile size 89M)
current process WorkingSet (physical memory assigned to process): 2356M, peak: 2359M
current process commit charge ("private bytes"): 2953M, peak: 3345M

vm_info: Java HotSpot(TM) 64-Bit Server VM (21+35-LTS-2513) for windows-amd64 JRE (21+35-LTS-2513), built on 2023-08-09T20:25:10Z by "mach5one" with MS VC++ 17.1 (VS2022)

END.
